geo_id,geo_name,geo_type,sample_size,vulnerability_rate,median_gap,coverage_pct
06073000100,06073000100,tract,1180,24.152542372881356,-111673.61499999999,206.224431650515
06073000201,06073000201,tract,1180,30.677966101694913,-46576.850000000006,160.5948691555081
06073000202,06073000202,tract,2238,26.85433422698838,-44628.33,164.94061954582602
06073000301,06073000301,tract,1303,40.29163468917882,-19015.269999999997,127.55564854720005
06073000302,06073000302,tract,1816,35.24229074889868,-24272.86,140.17581565206925
06073000400,06073000400,tract,2588,23.338485316846985,-35816.9,153.86743249156302
06073000500,06073000500,tract,1604,24.12718204488778,-44042.27,167.4576916049214
06073000600,06073000600,tract,2047,27.454811919882754,-36484.58,155.08207662504304
06073000700,06073000700,tract,2625,35.923809523809524,-28847.149999999994,140.1296848008412
06073000800,06073000800,tract,2967,37.47893495112909,-23073.679999999993,135.47277569431364
06073000901,06073000901,tract,2062,31.95926285160039,-32562.03,147.71851117711316
06073000902,06073000902,tract,1538,40.11703511053316,-22614.760000000002,134.8556938504461
06073001000,06073001000,tract,2724,31.05726872246696,-23896.5,138.91468342652814
06073001100,06073001100,tract,1746,34.306987399770904,-25099.28,140.14649269340268
06073001201,06073001201,tract,1346,41.97622585438336,-10780.43,118.51088472847331
06073001202,06073001202,tract,1775,33.01408450704225,-32733.270000000004,148.4138968122373
06073001301,06073001301,tract,1592,25.816582914572866,-32100.284999999996,148.73966454451016
06073001302,06073001302,tract,2164,32.71719038817005,-20360.520000000004,134.2220080817681
06073001400,06073001400,tract,1873,30.32568072610785,-33753.850000000006,152.36421938454595
06073001500,06073001500,tract,2028,32.544378698224854,-31280.020000000004,144.52881276756335
06073001600,06073001600,tract,2348,58.94378194207837,11826.839999999997,83.49471768094955
06073001700,06073001700,tract,2510,41.155378486055774,-13800.64,120.59457159048561
06073001801,06073001801,tract,989,46.61274014155713,-6401.9100000000035,107.95059061037719
06073001802,06073001802,tract,1918,35.45359749739312,-18054.629999999997,129.99937752190397
06073001900,06073001900,tract,1556,30.97686375321337,-49173.7,165.68458593566172
06073002001,06073002001,tract,1545,23.36569579288026,-82302.66,195.7647113308959
06073002002,06073002002,tract,1158,20.72538860103627,-93357.01,209.35904678230145
06073002100,06073002100,tract,2593,35.05591978403394,-14932.080000000002,121.724702468831
06073002201,06073002201,tract,1436,66.43454038997214,22703.699999999997,63.09760727578136
06073002202,06073002202,tract,1601,65.83385384134915,23839.519999999997,67.38607491204814
06073002301,06073002301,tract,1508,46.94960212201592,-4010.6699999999983,105.3025140716936
06073002302,06073002302,tract,2037,66.81394207167402,27371.190000000002,60.98322691264968
06073002401,06073002401,tract,1689,43.99052693901717,-6424.350000000006,108.29640803243142
06073002402,06073002402,tract,1735,64.78386167146975,19224.53,72.06479525618565
06073002501,06073002501,tract,1439,53.787352328005554,5654.020000000004,91.89986693779854
06073002502,06073002502,tract,2393,43.7944003343084,-7897.389999999999,109.96596444811134
06073002601,06073002601,tract,1611,67.10117939168218,26220.58,71.68992770450163
06073002602,06073002602,tract,1406,61.664295874822194,17101.655,77.65578120592373
06073002702,06073002702,tract,2020,48.118811881188115,-1441.1100000000006,101.99622752861943
06073002703,06073002703,tract,2336,52.56849315068494,5859.125,94.58225382920428
06073002705,06073002705,tract,1523,52.33092580433355,4113.580000000002,93.64214037663575
06073002707,06073002707,tract,1616,68.31683168316832,32716.350000000006,61.614545377583454
06073002708,06073002708,tract,1972,74.69574036511156,31901.190000000002,52.30159564945199
06073002709,06073002709,tract,1192,67.4496644295302,29753.010000000002,63.33138304500346
06073002710,06073002710,tract,1110,66.03603603603604,22498.829999999994,74.67537990118595
06073002711,06073002711,tract,1039,58.32531280076997,11595.990000000005,86.36430587269719
06073002712,06073002712,tract,1766,65.68516421291054,27185.11,64.49642334105157
06073002801,06073002801,tract,515,43.883495145631066,-24071.11,125.83927095494613
06073002803,06073002803,tract,2576,37.81055900621118,-16570.9,124.17545760777138
06073002804,06073002804,tract,1610,55.15527950310559,11744.86,85.65058497896939
06073002902,06073002902,tract,2659,45.91951861602106,-5895.1600000000035,105.1938933871122
06073002903,06073002903,tract,1596,46.804511278195484,-5763.949999999997,105.2858774716783
06073002904,06073002904,tract,2551,69.07095256762054,32543.260000000002,59.63506327943545
06073002905,06073002905,tract,1859,43.94835933297472,-10607.559999999998,113.40139372793807
06073003001,06073003001,tract,1186,49.325463743676224,-774.2400000000052,100.72618295488482
06073003003,06073003003,tract,1554,57.4002574002574,11462.529999999999,86.34846035818813
06073003004,06073003004,tract,1484,66.77897574123989,26731.440000000002,72.74248429803377
06073003101,06073003101,tract,1038,54.43159922928709,7055.549999999988,92.52122637115554
06073003103,06073003103,tract,1731,52.74407856730213,2817.3099999999977,97.44052327381613
06073003105,06073003105,tract,1297,50.88666152659984,1158.1100000000006,99.00027594961571
06073003107,06073003107,tract,1530,46.07843137254902,-4362.18,105.3179339067425
06073003108,06073003108,tract,1001,47.85214785214785,-2989.75,102.82443823339456
06073003109,06073003109,tract,887,41.826381059751974,-13160.279999999999,112.05269327048673
06073003111,06073003111,tract,1846,74.81040086673889,38825.649999999994,55.28843569873586
06073003112,06073003112,tract,1187,56.5290648694187,8285.399999999994,92.73261142487576
06073003113,06073003113,tract,1196,48.49498327759198,-2293.270000000004,101.98137795089038
06073003114,06073003114,tract,870,49.6551724137931,-746.6199999999953,100.57355332338818
06073003115,06073003115,tract,1741,58.35726593911546,18326.53,85.00077074692376
06073003201,06073003201,tract,1531,66.03527106466362,24843.149999999994,75.12425958612624
06073003202,06073003202,tract,1297,52.35158057054742,2565.429999999993,97.60163703028829
06073003204,06073003204,tract,1099,45.768880800727935,-8937.330000000002,109.94617814941606
06073003207,06073003207,tract,2282,43.33917616126205,-10462.75,112.8836790330197
06073003208,06073003208,tract,1931,63.17969963749353,23270.369999999995,80.53765909897142
06073003209,06073003209,tract,1772,62.02031602708804,18393.47,80.80111092902301
06073003211,06073003211,tract,894,56.375838926174495,10665.07,90.48290944189309
06073003212,06073003212,tract,1042,60.172744721689064,18496.625,82.6485848073661
06073003213,06073003213,tract,1025,49.951219512195124,-310.58000000000175,100.54019866687128
06073003214,06073003214,tract,1587,59.987397605545056,13668.11,83.75944973169346
06073003301,06073003301,tract,1012,63.93280632411067,20200.4,75.41291914590673
06073003303,06073003303,tract,1414,64.21499292786422,21954.620000000003,77.02929920105238
06073003304,06073003304,tract,1129,76.79362267493357,32327.28,52.74065579694439
06073003305,06073003305,tract,1659,75.5877034358047,34235.39,55.07088247798203
06073003401,06073003401,tract,2023,47.99802273850717,-2288.7899999999936,102.54351729112427
06073003403,06073003403,tract,998,65.4308617234469,20400.78,77.64272416349363
06073003404,06073003404,tract,1134,67.28395061728395,24100.72,75.0201999930091
06073003501,06073003501,tract,1004,70.1195219123506,28574.65,65.7032676072221
06073003502,06073003502,tract,1191,73.97145256087322,32370.870000000003,60.5655326875246
06073003601,06073003601,tract,748,60.962566844919785,17991.019999999997,80.97164308412704
06073003602,06073003602,tract,841,70.8680142687277,28273.019999999997,68.77381214079742
06073003603,06073003603,tract,984,59.857723577235774,15788.899999999998,81.97390964102193
06073003901,06073003901,tract,1070,64.39252336448598,31506.855,72.36846163452468
06073003902,06073003902,tract,1361,68.11168258633357,25700.95000000001,53.03662589377149
06073004000,06073004000,tract,1184,69.34121621621621,36681.29,59.32583703385639
06073004101,06073004101,tract,2235,49.127516778523486,-978.4199999999983,101.45787817470027
06073004102,06073004102,tract,839,46.24553039332538,-5053.510000000002,105.95163844212763
06073004200,06073004200,tract,2347,23.306348530038346,-67509.5,180.2032347414003
06073004300,06073004300,tract,1948,24.281314168377826,-43726.06,165.2232400311442
06073004400,06073004400,tract,1782,26.318742985409653,-60724.66,181.3329048887546
06073004501,06073004501,tract,1540,32.857142857142854,-17536.339999999997,130.2698832472561
06073004600,06073004600,tract,1092,33.88278388278388,-23270.760000000002,137.72641140894356
06073004700,06073004700,tract,713,42.91725105189341,-8137.959999999999,112.53979287637279
06073004800,06073004800,tract,1254,57.81499202551834,13679.690000000002,81.37211086273184
06073004900,06073004900,tract,1598,70.08760951188987,35349.82000000001,51.1817005468223
06073005000,06073005000,tract,718,66.01671309192201,25533.160000000003,59.36856045859113
06073005101,06073005101,tract,1789,48.68641699273337,-2258.949999999997,102.79397119430655
06073005102,06073005102,tract,3519,48.252344416027285,-2999.1300000000047,103.51838122528115
06073005103,06073005103,tract,739,73.34235453315291,40304.36,40.363908038963814
06073005201,06073005201,tract,2073,39.31500241196334,-13624.149999999994,117.0780420345842
06073005202,06073005202,tract,3521,70.40613462084634,34052.71000000001,58.138346260953035
06073005301,06073005301,tract,2217,38.88137122237257,-14280.480000000003,122.08112725968738
06073005302,06073005302,tract,1412,49.43342776203966,-1657.6500000000015,101.86480507673217
06073005401,06073005401,tract,1227,19.396903015484924,-90342.86,203.81650351765379
06073005402,06073005402,tract,2688,31.770833333333332,-65151.36,169.60875970049833
06073005403,06073005403,tract,1547,32.773109243697476,-40452.229999999996,147.82692960558774
06073005601,06073005601,tract,1946,56.83453237410072,23309.429999999993,73.39696021887924
06073005602,06073005602,tract,1300,40.92307692307692,-20679.210000000006,124.3280081901637
06073005700,06073005700,tract,1016,56.003937007874015,7297.029999999999,91.7125775374686
06073005801,06073005801,tract,1304,35.19938650306749,-31443.839999999997,138.22534034925744
06073005802,06073005802,tract,1904,22.531512605042018,-57712.92,166.21593585756557
06073005900,06073005900,tract,2102,47.621313035204565,-5238.690000000002,105.94480195362625
06073006000,06073006000,tract,2678,34.39133681852128,-46953.37,160.3753101206784
06073006100,06073006100,tract,1032,34.883720930232556,-37890.18000000001,151.75024622577953
06073006500,06073006500,tract,1653,53.055051421657595,5815.940000000002,92.58203437833136
06073006600,06073006600,tract,477,59.11949685534591,14356.089999999997,87.6046176533604
06073006801,06073006801,tract,1569,41.23645634161887,-18419.42,123.90703309934273
06073006802,06073006802,tract,2598,37.91377983063896,-27394.179999999993,134.52919179739985
06073006900,06073006900,tract,2202,26.88465031789282,-57095.045,163.7071819160662
06073007002,06073007002,tract,1251,23.980815347721823,-91285.49,196.53641461471818
06073007100,06073007100,tract,2104,35.97908745247148,-61107.155,177.04859014714992
06073007200,06073007200,tract,1587,21.80214240705734,-87698.01,194.20426630898652
06073007302,06073007302,tract,986,30.52738336713996,-85118.85,184.3595196721226
06073007303,06073007303,tract,918,33.769063180827885,-31333.129999999994,139.66002329056758
06073007304,06073007304,tract,2063,36.79108095007271,-29416.11,138.00294624450373
06073007401,06073007401,tract,1438,37.89986091794159,-24004.4,126.89369977512315
06073007402,06073007402,tract,1706,35.8147713950762,-36361.59,145.0284666888642
06073007501,06073007501,tract,2072,39.575289575289574,-21239.269999999997,129.31305518255436
06073007502,06073007502,tract,1681,37.71564544913742,-22596.5,132.17069631465426
06073007601,06073007601,tract,975,36.61538461538461,-32178.949999999997,141.28885981557357
06073007602,06073007602,tract,1051,27.497621313035204,-61957.84,183.01398569133
06073007701,06073007701,tract,2007,32.23716990533134,-36905.34,145.66701901906347
06073007702,06073007702,tract,1830,40.21857923497268,-40668.57000000001,148.3012474248441
06073007800,06073007800,tract,2743,40.758293838862556,-21251.769999999997,124.73853517461619
06073007905,06073007905,tract,1424,28.30056179775281,-37741.14,152.77348148540787
06073007907,06073007907,tract,1663,32.110643415514126,-27869.989999999998,138.0724929918082
06073007908,06073007908,tract,1657,38.56366928183464,-16743.740000000005,122.06373305184151
06073007910,06073007910,tract,1625,38.70769230769231,-24881.29,132.28727959411071
06073007911,06073007911,tract,1380,30.144927536231886,-49301.83,159.83355037465384
06073007912,06073007912,tract,923,27.085590465872155,-41839.619999999995,152.411313382423
06073008002,06073008002,tract,1028,25.0,-87540.07,185.3277549860811
06073008003,06073008003,tract,1887,16.216216216216218,-90285.54000000001,209.57575106034278
06073008006,06073008006,tract,1872,23.931623931623932,-60112.975,172.6081697966805
06073008101,06073008101,tract,1760,36.42045454545455,-36742.32000000001,144.5893568334402
06073008102,06073008102,tract,1391,21.423436376707407,-102277.38,204.24350911773632
06073008201,06073008201,tract,949,31.401475237091674,-63064.41,182.3176356618455
06073008202,06073008202,tract,658,33.73860182370821,-41871.229999999996,153.9575303723853
06073008301,06073008301,tract,1347,21.974758723088346,-99900.20000000001,199.18189689608334
06073008303,06073008303,tract,1340,23.955223880597014,-115316.70999999999,219.26930362142875
06073008305,06073008305,tract,469,76.54584221748401,33266.94,57.22806814798811
06073008306,06073008306,tract,1088,26.286764705882355,-82079.68,168.63242555872046
06073008307,06073008307,tract,1665,44.02402402402402,-13448.080000000002,112.85468395616014
06073008310,06073008310,tract,2459,28.22285481903213,-73123.27,169.81613268360093
06073008311,06073008311,tract,1088,13.970588235294118,-124878.07999999999,232.63394297383496
06073008312,06073008312,tract,1678,33.373063170441,-37001.17999999999,142.25570646622083
06073008313,06073008313,tract,808,25.247524752475247,-97031.455,185.17831141690996
06073008324,06073008324,tract,2939,21.265736645117386,-82581.9,171.9224920590801
06073008327,06073008327,tract,2411,32.64205723766072,-72217.58,157.31671954968002
06073008328,06073008328,tract,2581,26.695079426578843,-115998.76000000001,182.30911526426803
06073008330,06073008330,tract,1921,42.894325871941696,-29602.26000000001,123.31860206799503
06073008331,06073008331,tract,947,20.908130939809926,-111416.93,187.73831614788082
06073008336,06073008336,tract,752,20.079787234042552,-100002.47,206.32082351852662
06073008337,06073008337,tract,1522,24.244415243101184,-59617.259999999995,158.11033927703798
06073008339,06073008339,tract,770,53.5064935064935,11548.470000000001,89.71114053352532
06073008343,06073008343,tract,1797,52.3650528658876,5588.399999999994,94.14658425658433
06073008344,06073008344,tract,1189,27.417998317914215,-75417.95000000001,164.28161568689183
06073008345,06073008345,tract,1879,53.80521554018095,8822.899999999994,91.41548580669696
06073008346,06073008346,tract,1605,26.853582554517136,-70292.46,170.64963683534236
06073008347,06073008347,tract,2000,38.45,-31116.990000000005,130.39007141689643
06073008348,06073008348,tract,1715,31.253644314868804,-45989.92,143.84645115170264
06073008349,06073008349,tract,1104,39.221014492753625,-21494.475,122.48423276645259
06073008350,06073008350,tract,2217,35.859269282814616,-33407.649999999994,136.43095743216477
06073008351,06073008351,tract,1414,44.48373408769448,-11252.630000000005,111.17144412816677
06073008352,06073008352,tract,974,47.43326488706365,-3616.225000000006,103.45214823682096
06073008353,06073008353,tract,1526,32.56880733944954,-40905.100000000006,135.80646166675587
06073008355,06073008355,tract,971,38.61997940267765,-26821.160000000003,122.55918967326565
06073008356,06073008356,tract,1367,38.18580833942941,-24119.540000000008,122.28101482365975
06073008357,06073008357,tract,1552,44.20103092783505,-8989.279999999999,109.92047220910833
06073008358,06073008358,tract,1948,51.28336755646817,3132.1900000000023,96.74350167839569
06073008359,06073008359,tract,1823,46.516730663741086,-5572.809999999998,106.55459391099068
06073008360,06073008360,tract,2417,46.793545717832025,-4931.970000000001,105.5581623984072
06073008361,06073008361,tract,1558,37.09884467265726,-35082.58,143.32202292694478
06073008362,06073008362,tract,1581,30.29728020240354,-40892.990000000005,149.54863632469784
06073008363,06073008363,tract,1962,61.773700305810394,29130.75,71.72033861791782
06073008364,06073008364,tract,2301,41.63407214254672,-13564.289999999994,116.30158433189554
06073008365,06073008365,tract,930,22.688172043010752,-119597.125,217.52063848160992
06073008366,06073008366,tract,2413,17.6958143389971,-105344.98000000001,200.7005961225357
06073008367,06073008367,tract,1234,43.19286871961102,-23958.14,123.70434454171702
06073008368,06073008368,tract,1849,20.930232558139537,-108937.68,192.51005123837984
06073008369,06073008369,tract,2121,29.655822725129653,-50715.39,150.31221617427167
06073008370,06073008370,tract,1605,31.464174454828658,-38721.95000000001,139.98598736592513
06073008371,06073008371,tract,1683,27.332144979203804,-96892.12,179.60840617032224
06073008372,06073008372,tract,1352,28.3284023668639,-94534.905,169.50089677363076
06073008373,06073008373,tract,1281,28.18110850897736,-85379.7,172.89648779524876
06073008374,06073008374,tract,1223,18.47914963205233,-119874.60999999999,184.90505944034834
06073008375,06073008375,tract,2192,38.41240875912409,-34767.7,138.46802977919776
06073008376,06073008376,tract,2845,35.85237258347979,-22406.089999999997,124.51555973013286
06073008377,06073008377,tract,1027,53.06718597857838,10419.279999999999,89.3309196844855
06073008378,06073008378,tract,391,58.82352941176471,15161.529999999999,81.85075208223203
06073008379,06073008379,tract,1976,51.06275303643725,3342.760000000002,96.04020974542324
06073008380,06073008380,tract,2937,42.1518556350017,-13869.61,115.74844416036744
06073008381,06073008381,tract,1021,25.56317335945152,-80601.54999999999,170.0946111811465
06073008501,06073008501,tract,2168,35.56273062730627,-30047.275,131.90354590262552
06073008502,06073008502,tract,2561,43.38149160484186,-13172.830000000002,116.60153457422024
06073008503,06073008503,tract,3120,37.59615384615385,-25158.270000000004,130.04729917264473
06073008504,06073008504,tract,2300,35.608695652173914,-32371.100000000006,134.5553401911119
06073008505,06073008505,tract,2055,49.1970802919708,-1658.4900000000052,101.14522872787606
06073008506,06073008506,tract,1591,32.49528598365808,-30231.5,135.72189316599204
06073008507,06073008507,tract,2463,47.706049533089725,-3820.350000000006,104.57176818044951
06073008509,06073008509,tract,2759,36.86118158753172,-23837.83,128.7460686709172
06073008510,06073008510,tract,2661,48.515595640736564,-4618.020000000004,106.18184174178862
06073008511,06073008511,tract,2680,23.80597014925373,-44402.55,154.71093833266306
06073008512,06073008512,tract,1567,30.695596681557113,-43165.990000000005,151.74649365350845
06073008513,06073008513,tract,1163,23.903697334479794,-50983.64,158.2729711188841
06073008600,06073008600,tract,2257,62.029242357111215,13625.309999999998,80.15898900283943
06073008701,06073008701,tract,1201,50.707743547044124,1402.0299999999988,98.93605489278822
06073008702,06073008702,tract,1667,41.991601679664065,-17216.660000000003,115.53593024403723
06073008800,06073008800,tract,2008,55.52788844621514,10695.764999999996,86.79121409813122
06073008901,06073008901,tract,2571,46.12991054064566,-6233.080000000002,108.36211007806666
06073008902,06073008902,tract,2154,35.97957288765088,-23241.58,127.78487106984271
06073009000,06073009000,tract,1389,29.877609791216702,-35379.869999999995,143.82587081387928
06073009101,06073009101,tract,2337,26.187419768934532,-52145.11,161.41934175321177
06073009102,06073009102,tract,2065,48.03874092009685,-3074.279999999999,104.03201606574027
06073009103,06073009103,tract,1566,31.28991060025543,-38261.54000000001,140.6874581774773
06073009104,06073009104,tract,1127,26.08695652173913,-48336.82999999999,151.7360982474841
06073009107,06073009107,tract,2436,41.6256157635468,-16407.04,120.68879300999164
06073009108,06073009108,tract,935,39.46524064171123,-17743.399999999994,123.94218092761066
06073009201,06073009201,tract,2320,52.28448275862069,4424.284999999996,94.48430010800195
06073009203,06073009203,tract,2493,34.05535499398315,-40193.53,143.23820241223186
06073009204,06073009204,tract,1378,38.46153846153847,-43535.594999999994,137.68174144189422
06073009301,06073009301,tract,1840,50.54347826086957,1230.0400000000081,99.13636034829476
06073009305,06073009305,tract,2351,31.263292216078263,-32456.899999999994,133.50644561690163
06073009306,06073009306,tract,2202,29.791099000908268,-42676.36,140.42020000894365
06073009307,06073009307,tract,2711,24.67724087052748,-36231.39,144.4284266277432
06073009308,06073009308,tract,2185,47.55148741418764,-2193.1600000000035,102.4045212665651
06073009400,06073009400,tract,513,75.04873294346979,54563.75,60.73326927818289
06073009502,06073009502,tract,1553,32.83966516419833,-41186.86,138.8159802977755
06073009504,06073009504,tract,2355,27.261146496815286,-76140.97,156.40228814694518
06073009505,06073009505,tract,2811,36.677339025257915,-26103.309999999998,126.3735574215631
06073009506,06073009506,tract,1588,34.697732997481104,-30075.940000000002,126.53714016217074
06073009507,06073009507,tract,1502,46.6711051930759,-5708.205000000002,105.22199646589256
06073009509,06073009509,tract,2519,36.681222707423586,-28766.0,126.41061639256586
06073009510,06073009510,tract,1167,87.40359897172236,73352.98,43.753029047042894
06073009511,06073009511,tract,970,83.60824742268042,69907.32999999999,53.87738085850231
06073009602,06073009602,tract,1656,33.21256038647343,-32113.210000000003,131.7013143672589
06073009603,06073009603,tract,3549,66.4130741053818,26115.009999999995,70.61487808649919
06073009604,06073009604,tract,1543,42.57939079714841,-10738.5,112.36817229029359
06073009703,06073009703,tract,1240,35.16129032258065,-37640.28,134.60799862045957
06073009704,06073009704,tract,2819,31.997162114224903,-30960.58,132.30261383711738
06073009705,06073009705,tract,1401,33.547466095645966,-44344.91,143.95630319049738
06073009706,06073009706,tract,2572,29.704510108864696,-47892.884999999995,145.93903368087027
06073009801,06073009801,tract,2126,28.31608654750706,-41335.165,146.26672779007905
06073009802,06073009802,tract,2445,46.053169734151325,-5663.1600000000035,105.46204997603617
06073009804,06073009804,tract,1926,34.008307372793354,-35255.625,132.29554518204225
06073009805,06073009805,tract,1862,40.762620837808804,-16176.770000000004,120.29910020387078
06073010001,06073010001,tract,1019,55.250245338567225,8762.89,92.443955126357
06073010003,06073010003,tract,1539,51.461988304093566,3511.8600000000006,96.77112078738185
06073010004,06073010004,tract,1095,57.44292237442923,12558.5,87.35953728475253
06073010005,06073010005,tract,2270,73.12775330396477,31532.03,47.992958759514146
06073010009,06073010009,tract,1439,66.92147324530924,25830.83,74.37694065701916
06073010010,06073010010,tract,1583,69.80416929879975,27143.309999999998,69.2862039615359
06073010011,06073010011,tract,1060,50.47169811320755,1935.2300000000032,97.96322101582024
06073010012,06073010012,tract,1297,55.589822667694676,8166.369999999995,92.48245152034359
06073010013,06073010013,tract,1580,75.8860759493671,35762.875,65.79400861402166
06073010015,06073010015,tract,1429,43.80685794261721,-16702.45000000001,114.39869240125489
06073010017,06073010017,tract,1821,48.105436573311366,-2539.399999999994,101.82548349095501
06073010018,06073010018,tract,2165,42.263279445727484,-15652.399999999994,115.2219832029533
06073010019,06073010019,tract,1053,41.21557454890788,-14949.270000000004,113.84386734863543
06073010103,06073010103,tract,2184,67.03296703296702,21171.350000000006,75.50687983480114
06073010104,06073010104,tract,1119,38.248436103663984,-21111.75,122.15635806865406
06073010106,06073010106,tract,1328,69.95481927710844,32904.20999999999,67.80314206402373
06073010107,06073010107,tract,1663,66.80697534576068,25652.67,75.47840648936187
06073010109,06073010109,tract,1114,54.57809694793537,6834.809999999998,93.87999746845811
06073010110,06073010110,tract,1997,71.80771156735103,36876.979999999996,65.21135314938621
06073010111,06073010111,tract,867,65.16724336793541,22530.22,74.82558093728845
06073010112,06073010112,tract,1491,78.9403085177733,38338.6,62.66954489231272
06073010201,06073010201,tract,1146,35.51483420593368,-18219.47,124.82536915866393
06073010202,06073010202,tract,1358,34.241531664212076,-24632.800000000003,128.44555088817071
06073010300,06073010300,tract,1518,52.70092226613966,5594.729999999996,93.65973106595877
06073010401,06073010401,tract,815,56.07361963190184,3823.3099999999977,95.2881688011356
06073010402,06073010402,tract,1813,62.38279095421952,17963.78,79.33974840904072
06073010501,06073010501,tract,549,28.96174863387978,-37045.36,148.42854217089007
06073010502,06073010502,tract,2142,63.86554621848739,17698.869999999995,79.88496902431885
06073010601,06073010601,tract,925,27.35135135135135,-83578.75,173.49290833305096
06073010800,06073010800,tract,966,34.679089026915115,-27308.009999999995,125.43350387265517
06073010900,06073010900,tract,618,33.33333333333333,-44285.245,145.88846274519875
06073011000,06073011000,tract,1425,46.59649122807018,-6257.929999999993,106.77420353416736
06073011100,06073011100,tract,1581,44.52877925363694,-16443.880000000005,114.51326166496814
06073011601,06073011601,tract,1666,61.88475390156063,19019.465000000004,79.65284198947018
06073011602,06073011602,tract,1314,69.86301369863014,27030.825,69.98384457148809
06073011700,06073011700,tract,2647,71.59047978843974,28325.17,63.30392851157065
06073011801,06073011801,tract,1100,58.18181818181818,17066.485,76.289450956998
06073011802,06073011802,tract,2045,73.34963325183375,31991.899999999994,60.12603787689865
06073011902,06073011902,tract,1899,52.60663507109005,2668.8499999999985,95.51898811080159
06073012002,06073012002,tract,1304,75.99693251533742,30266.105,56.353223284036446
06073012003,06073012003,tract,870,51.03448275862069,1331.0400000000009,98.46678252413092
06073012101,06073012101,tract,697,48.493543758967,-3349.3099999999977,105.08111510739265
06073012102,06073012102,tract,910,56.81318681318681,10066.354999999996,88.1510809611306
06073012200,06073012200,tract,944,65.9957627118644,20827.425000000003,71.87345360381869
06073012302,06073012302,tract,774,69.25064599483204,20290.059999999998,65.53429118083626
06073012303,06073012303,tract,1192,57.38255033557047,10723.849999999999,85.91761308274835
06073012304,06073012304,tract,1526,46.98558322411534,-6632.675000000003,106.51992804548888
06073012401,06073012401,tract,1198,55.84307178631052,8548.830000000002,90.34477526056455
06073012402,06073012402,tract,1918,63.7643378519291,18928.47,74.48680699288701
06073012501,06073012501,tract,1497,76.28590514362057,34558.66,54.84294910055409
06073012502,06073012502,tract,1696,67.15801886792453,20252.489999999998,74.39354229603651
06073012600,06073012600,tract,1526,62.38532110091744,24331.33,74.60071152902023
06073012700,06073012700,tract,1688,66.64691943127961,22641.914999999997,72.84978497166821
06073012800,06073012800,tract,1330,55.037593984962406,7283.25,89.90385106622118
06073012900,06073012900,tract,1124,44.128113879003564,-12302.645000000004,114.56713242749193
06073013000,06073013000,tract,1872,65.5448717948718,20194.640000000003,76.18413489941818
06073013102,06073013102,tract,2093,66.41184902054468,20627.58,77.17382292791469
06073013103,06073013103,tract,729,68.58710562414267,28320.179999999993,71.54132263008306
06073013104,06073013104,tract,1805,71.13573407202216,28210.22,66.59543459603495
06073013203,06073013203,tract,2112,66.76136363636364,20484.57,73.80945367992129
06073013204,06073013204,tract,1265,69.0909090909091,29078.129999999997,70.15886731291498
06073013205,06073013205,tract,702,68.66096866096866,32404.33,63.17787143641673
06073013206,06073013206,tract,2147,72.89240801117839,28076.83,62.13005223250864
06073013301,06073013301,tract,1603,53.462258265751714,6008.769999999997,94.07714464806399
06073013302,06073013302,tract,1469,57.385976855003406,14850.579999999987,88.34028820122877
06073013303,06073013303,tract,1438,70.86230876216968,34929.134999999995,66.79551426687023
06073013306,06073013306,tract,1143,62.20472440944882,20520.67,79.38580595292538
06073013307,06073013307,tract,1260,68.65079365079364,34029.07000000001,66.13734455112494
06073013308,06073013308,tract,1063,65.8513640639699,22683.520000000004,78.8802228436808
06073013309,06073013309,tract,1891,37.5462718138551,-25376.619999999995,123.86892784630696
06073013312,06073013312,tract,897,46.48829431438127,-5957.509999999995,105.40150350547674
06073013315,06073013315,tract,1209,48.22167080231596,-4105.489999999991,102.61989268299192
06073013316,06073013316,tract,2228,55.11669658886894,12136.425000000003,91.37717833486606
06073013317,06073013317,tract,5293,51.35084073304365,2872.399999999994,97.80388151174668
06073013318,06073013318,tract,2129,51.573508689525596,3870.9900000000052,97.71358211373573
06073013319,06073013319,tract,3228,49.90706319702603,-250.0,100.18682788667768
06073013320,06073013320,tract,1863,60.81588835212024,23111.130000000005,84.81426710431342
06073013321,06073013321,tract,2143,48.95006999533364,-2981.679999999993,102.10139349251688
06073013322,06073013322,tract,1108,46.48014440433213,-7566.110000000001,104.86950189890985
06073013323,06073013323,tract,2080,46.10576923076923,-10842.080000000002,107.28767571094886
06073013324,06073013324,tract,910,56.7032967032967,12313.130000000005,89.58796752619934
06073013325,06073013325,tract,1950,64.87179487179488,34095.11,69.80176472425099
06073013326,06073013326,tract,1136,22.44718309859155,-55135.850000000006,140.0101854739039
06073013327,06073013327,tract,1713,36.42732049036778,-33292.81,134.8261076258491
06073013401,06073013401,tract,1368,38.45029239766082,-25399.825000000004,120.64963554230121
06073013409,06073013409,tract,1973,43.33502280790674,-9365.669999999998,111.07146012327979
06073013411,06073013411,tract,1653,33.51482153660012,-41026.490000000005,137.22011997503165
06073013412,06073013412,tract,1809,38.032061912658925,-23149.960000000006,121.43188417842433
06073013414,06073013414,tract,2488,27.692926045016076,-42766.659999999996,144.46106074581942
06073013415,06073013415,tract,525,20.57142857142857,-55626.31,161.36391256998
06073013416,06073013416,tract,1211,50.12386457473163,515.4500000000116,99.73950259120251
06073013417,06073013417,tract,669,41.85351270553064,-18320.79999999999,112.05414204480546
06073013418,06073013418,tract,2087,60.757067561092484,24587.190000000002,78.81948312644288
06073013420,06073013420,tract,989,51.56723963599595,2010.6100000000006,97.28026214106124
06073013421,06073013421,tract,1298,33.35901386748844,-35481.875,135.85812123764475
06073013422,06073013422,tract,1317,41.60971905846621,-25210.509999999995,120.22309833465634
06073013423,06073013423,tract,1014,35.404339250493095,-33744.72,120.80378370200404
06073013424,06073013424,tract,1859,40.50564819795589,-24165.76999999999,117.75407468995225
06073013425,06073013425,tract,507,35.30571992110454,-43331.16,125.51253518915217
06073013503,06073013503,tract,1883,46.468401486988846,-6970.489999999998,107.38668396089226
06073013504,06073013504,tract,1307,27.161438408569243,-44119.53,147.6511511042333
06073013505,06073013505,tract,1959,45.58448187850944,-10636.5,110.00860799819796
06073013506,06073013506,tract,1211,57.30800990916598,12478.73000000001,90.00036573064244
06073013601,06073013601,tract,1996,29.358717434869742,-36231.25,148.1131884207682
06073013604,06073013604,tract,2023,39.94068215521503,-13837.779999999999,116.1575140297674
06073013605,06073013605,tract,2332,30.403087478559176,-42076.805,142.11603799294127
06073013607,06073013607,tract,952,43.59243697478992,-6247.199999999997,107.82132558616742
06073013608,06073013608,tract,1562,58.57874519846351,18790.184999999998,79.699437577001
06073013701,06073013701,tract,850,34.23529411764706,-35833.445,138.75038347240576
06073013702,06073013702,tract,1685,50.91988130563798,2054.8399999999965,97.85980491826423
06073013801,06073013801,tract,1806,41.80509413067553,-13209.169999999998,115.37281794406123
06073013802,06073013802,tract,879,51.42207053469852,1726.9100000000035,98.34055227905907
06073013903,06073013903,tract,1161,35.228251507321275,-26425.179999999993,136.28553641580228
06073013905,06073013905,tract,1217,32.86770747740345,-30374.699999999997,133.46057515630994
06073013906,06073013906,tract,1712,54.731308411214954,6695.540000000001,90.94029777889044
06073013907,06073013907,tract,1239,58.67635189669088,11711.73000000001,84.56783111842101
06073013908,06073013908,tract,1107,42.27642276422765,-11195.049999999988,113.47459492927167
06073013909,06073013909,tract,1501,45.436375749500336,-10309.050000000003,113.28403467895714
06073014001,06073014001,tract,1522,47.76609724047306,-4277.524999999994,104.88526784117771
06073014002,06073014002,tract,1202,53.74376039933444,6207.520000000004,91.72464268360856
06073014101,06073014101,tract,1260,36.904761904761905,-20997.649999999994,124.60544862048002
06073014102,06073014102,tract,1065,44.60093896713615,-9723.070000000007,110.49468612267985
06073014200,06073014200,tract,1999,39.469734867433715,-17145.0,118.25203835989244
06073014300,06073014300,tract,1253,56.424581005586596,7369.1600000000035,90.70540854396758
06073014400,06073014400,tract,1992,66.96787148594377,26622.18,68.05752064022363
06073014500,06073014500,tract,1441,45.59333795975017,-5104.029999999999,106.87142926803539
06073014601,06073014601,tract,2300,44.78260869565218,-7215.384999999995,110.2515189240436
06073014602,06073014602,tract,1902,36.75078864353312,-34506.745,134.98348068669196
06073014701,06073014701,tract,1453,33.86097728836889,-29730.25,136.86549240701416
06073014702,06073014702,tract,1588,34.949622166246854,-34567.784999999996,139.32171725219956
06073014803,06073014803,tract,2146,40.82013047530289,-10801.989999999998,116.27590910659708
06073014804,06073014804,tract,1945,42.9305912596401,-9860.839999999997,113.44083151633733
06073014805,06073014805,tract,2251,38.47179031541537,-21306.11,127.92896458884013
06073014806,06073014806,tract,1618,53.64647713226205,7890.794999999998,90.40555089680376
06073014901,06073014901,tract,1853,48.677819751753916,-2662.4900000000052,102.96518128943532
06073014902,06073014902,tract,1477,49.15368991198375,-1389.1100000000006,101.56749592848165
06073015001,06073015001,tract,1585,39.17981072555205,-19172.26999999999,121.6163517958994
06073015002,06073015002,tract,1206,46.185737976782754,-2467.720000000001,104.28255677977462
06073015100,06073015100,tract,1762,37.74120317820658,-18676.550000000003,120.45502212628053
06073015200,06073015200,tract,1384,19.21965317919075,-74803.625,185.63820897918194
06073015301,06073015301,tract,1079,58.109360518999075,13637.550000000003,82.29386544668415
06073015302,06073015302,tract,1416,40.11299435028249,-16275.0,120.83670453020699
06073015403,06073015403,tract,829,26.05548854041013,-56818.82000000001,157.25318059898657
06073015405,06073015405,tract,1732,36.66281755196305,-32195.39,128.17328731779847
06073015406,06073015406,tract,861,26.94541231126597,-58177.2,150.889575252191
06073015407,06073015407,tract,1266,71.80094786729858,29624.020000000004,61.08331825176629
06073015408,06073015408,tract,1391,43.493889288281814,-15253.259999999995,114.32458711217154
06073015501,06073015501,tract,1865,42.03753351206434,-16416.4,117.72713319997483
06073015502,06073015502,tract,992,35.483870967741936,-33790.09,133.29325988011834
06073015601,06073015601,tract,2076,65.94412331406551,30643.71,72.09422522738441
06073015602,06073015602,tract,822,36.61800486618005,-31639.589999999997,126.69788067521255
06073015701,06073015701,tract,2336,78.03938356164383,30181.33,55.99765343724975
06073015704,06073015704,tract,1436,80.29247910863509,42491.899999999994,49.11706905884291
06073015705,06073015705,tract,1280,64.921875,19129.61,76.21797273482798
06073015706,06073015706,tract,811,76.32552404438965,35434.09,47.497004387181974
06073015801,06073015801,tract,1448,72.09944751381215,22000.679999999993,73.08446035011025
06073015802,06073015802,tract,1521,61.1439842209073,13090.259999999995,81.72454426693055
06073015901,06073015901,tract,985,80.30456852791879,43286.07000000001,51.38027945479129
06073015902,06073015902,tract,1760,71.98863636363636,33384.94,56.183465268493606
06073016000,06073016000,tract,911,48.73765093304062,-6401.520000000004,107.96247245431492
06073016100,06073016100,tract,2107,39.77218794494542,-20638.160000000003,124.34966862438881
06073016201,06073016201,tract,1893,33.86159535129424,-35891.7,135.44808045480124
06073016202,06073016202,tract,1330,50.75187969924813,631.6699999999983,99.21734708120289
06073016301,06073016301,tract,1804,63.968957871396896,23476.18,71.16158103027837
06073016302,06073016302,tract,1778,72.38470191226097,30717.345,59.629843630551996
06073016401,06073016401,tract,1687,40.30823947836396,-14682.089999999997,116.58240993912328
06073016403,06073016403,tract,1640,53.84146341463415,7309.174999999996,90.91983267378814
06073016404,06073016404,tract,904,69.13716814159292,28081.649999999994,61.60363896582708
06073016502,06073016502,tract,2480,64.71774193548387,23368.645000000004,73.5113078550499
06073016503,06073016503,tract,951,40.58885383806519,-16675.509999999995,119.15245675791739
06073016504,06073016504,tract,2244,60.42780748663101,12763.470000000001,83.1920452841285
06073016606,06073016606,tract,1410,34.53900709219858,-26448.450000000004,127.74045503779288
06073016607,06073016607,tract,2459,34.607564050427,-29856.0,130.05084383015927
06073016608,06073016608,tract,809,32.26205191594561,-38767.5,138.92063213863398
06073016609,06073016609,tract,2017,42.340109072880516,-17880.22,117.45199072438814
06073016610,06073016610,tract,1546,52.13454075032341,2417.3099999999977,97.38702519158606
06073016613,06073016613,tract,719,36.8567454798331,-26604.07,131.9651520369379
06073016614,06073016614,tract,1389,42.40460763138949,-14684.14,114.5020505671597
06073016615,06073016615,tract,1244,31.7524115755627,-43346.740000000005,147.36868370399108
06073016616,06073016616,tract,1371,57.840991976659375,14144.629999999997,82.21756733237572
06073016617,06073016617,tract,1590,64.65408805031446,26295.285000000003,66.87334600936025
06073016618,06073016618,tract,1618,36.58838071693449,-22027.570000000007,129.10045107398238
06073016619,06073016619,tract,1826,47.20700985761227,-5143.434999999998,105.71911989975335
06073016620,06073016620,tract,881,46.31101021566402,-4328.050000000003,104.0006543287505
06073016621,06073016621,tract,1414,25.954738330975957,-55665.72,154.7444770258264
06073016703,06073016703,tract,1150,39.04347826086956,-16945.089999999997,117.03164709048295
06073016704,06073016704,tract,2437,37.50512925728354,-26701.009999999995,127.1030533920533
06073016705,06073016705,tract,1849,52.94753921038399,4734.699999999997,93.13706573620341
06073016706,06073016706,tract,907,50.716648291069454,1954.010000000002,97.45173980302067
06073016804,06073016804,tract,2925,54.90598290598291,7672.199999999997,91.60916222811115
06073016806,06073016806,tract,1302,52.30414746543779,4951.904999999999,95.07825790038615
06073016807,06073016807,tract,2617,36.568589988536495,-29389.58,128.70906741453186
06073016809,06073016809,tract,1881,54.066985645933016,8060.5199999999895,91.54272214261755
06073016810,06073016810,tract,885,33.67231638418079,-30302.540000000008,135.39495311650646
06073016811,06073016811,tract,1681,40.5116002379536,-20135.690000000002,121.07309109328166
06073016812,06073016812,tract,1244,50.964630225080384,2502.350000000006,96.69976333148034
06073016813,06073016813,tract,1139,42.230026338893765,-19533.369999999995,120.4114958617132
06073016901,06073016901,tract,2381,38.219235615287694,-28575.03,129.00789064723148
06073016902,06073016902,tract,754,38.3289124668435,-25159.04999999999,124.01877823068219
06073017006,06073017006,tract,1030,31.456310679611647,-48994.895,144.45137249650543
06073017009,06073017009,tract,1521,39.97370151216305,-11867.369999999995,113.75861329681271
06073017010,06073017010,tract,967,21.61323681489142,-90893.27,181.24324765532415
06073017014,06073017014,tract,1584,47.22222222222222,-2499.550000000003,103.8653263425342
06073017018,06073017018,tract,1934,35.41882109617373,-22561.369999999995,127.45395669103394
06073017020,06073017020,tract,1538,18.01040312093628,-94023.59,195.0992971080232
06073017021,06073017021,tract,1105,20.0,-85230.15,190.61104071277254
06073017022,06073017022,tract,2249,36.99421965317919,-25651.959999999992,124.32573286041698
06073017031,06073017031,tract,1291,30.59643687064291,-45006.82000000001,148.26870480354756
06073017033,06073017033,tract,1913,27.548353371667538,-53548.32000000001,152.60653355678016
06073017034,06073017034,tract,2094,27.31614135625597,-42206.62,146.04598436122868
06073017035,06073017035,tract,1257,40.97056483691329,-19822.89,120.71247820883968
06073017036,06073017036,tract,1101,17.257039055404178,-62718.76,175.78990311554827
06073017037,06073017037,tract,1827,31.362889983579638,-30122.589999999997,134.3415561668276
06073017039,06073017039,tract,2635,35.066413662239086,-30860.699999999997,130.29951918051128
06073017040,06073017040,tract,1493,27.327528466175487,-56707.96,158.67449389925653
06073017041,06073017041,tract,1905,29.291338582677167,-34316.75,136.73675832374252
06073017043,06073017043,tract,2140,29.06542056074766,-50039.770000000004,144.47272477982173
06073017044,06073017044,tract,1927,22.98910223144785,-72203.34,155.69074750572062
06073017045,06073017045,tract,794,21.03274559193955,-74147.48,158.97921863980233
06073017046,06073017046,tract,1372,26.384839650145775,-58579.280000000006,148.44075951042095
06073017047,06073017047,tract,1479,33.874239350912774,-41057.59,134.8239303678395
06073017048,06073017048,tract,2181,43.053645116918844,-9610.370000000003,111.62340859467218
06073017049,06073017049,tract,931,39.20515574650913,-18383.690000000002,118.24628824289738
06073017050,06073017050,tract,993,44.813695871097686,-15216.589999999997,114.78939505831201
06073017051,06073017051,tract,2180,28.6697247706422,-40622.46000000001,144.06214744057974
06073017052,06073017052,tract,2121,32.01320132013201,-34823.17999999999,134.97233597195662
06073017053,06073017053,tract,1162,19.44922547332186,-91514.88,187.47007540079116
06073017054,06073017054,tract,1959,25.52322613578356,-64756.81,165.11306597042503
06073017055,06073017055,tract,1913,21.327757449032934,-70682.52,168.0339548490005
06073017056,06073017056,tract,1767,32.14487832484437,-22065.17,127.54008260395264
06073017057,06073017057,tract,1516,30.738786279683378,-57411.665,152.8257672058452
06073017058,06073017058,tract,1832,35.42576419213974,-36599.689999999995,133.8735740865141
06073017059,06073017059,tract,1559,50.4169339320077,963.0500000000029,98.71534156358958
06073017060,06073017060,tract,1330,38.496240601503764,-31493.300000000003,128.22584515859475
06073017061,06073017061,tract,1467,26.925698704839807,-75033.76999999999,159.78871664091244
06073017062,06073017062,tract,1497,16.499665998663996,-104230.43,188.6169880654715
06073017063,06073017063,tract,1625,36.738461538461536,-31889.14,130.06396791755458
06073017064,06073017064,tract,2243,23.049487293802944,-101217.62,175.05217961394303
06073017065,06073017065,tract,3319,26.574269358240432,-89517.13,169.0480544018668
06073017066,06073017066,tract,1819,26.113249037932928,-83478.45000000001,169.12188756914418
06073017067,06073017067,tract,867,29.52710495963091,-79527.92000000001,159.88409524893413
06073017068,06073017068,tract,1791,28.53154662199888,-46043.8,145.3048984220872
06073017069,06073017069,tract,801,30.337078651685395,-55891.740000000005,157.4297008755648
06073017070,06073017070,tract,1600,32.25,-61915.859999999986,150.97157072465714
06073017071,06073017071,tract,1800,31.77777777777778,-50471.729999999996,144.91086763077263
06073017104,06073017104,tract,1407,35.11016346837243,-30922.759999999995,133.27136526152842
06073017106,06073017106,tract,1467,26.7211997273347,-88764.9,164.3786620068346
06073017107,06073017107,tract,1059,19.8300283286119,-92559.68,184.32265571741672
06073017108,06073017108,tract,1636,27.811735941320293,-59029.16,159.50783971128064
06073017109,06073017109,tract,2092,28.34608030592734,-61480.07000000001,149.44401659183944
06073017111,06073017111,tract,1664,19.771634615384613,-92587.56,192.5441089587992
06073017112,06073017112,tract,691,15.77424023154848,-100318.78,181.39041831898209
06073017113,06073017113,tract,1806,36.434108527131784,-28880.735,130.42683436650262
06073017201,06073017201,tract,1102,20.326678765880217,-100137.08,201.38853448410967
06073017202,06073017202,tract,753,27.490039840637447,-71120.52,159.87612761956655
06073017303,06073017303,tract,1369,40.90577063550037,-27961.100000000006,124.76839906105957
06073017305,06073017305,tract,1359,31.567328918322296,-56857.32000000001,154.52996876895355
06073017306,06073017306,tract,1121,22.47992863514719,-94898.38,181.83907292322064
06073017307,06073017307,tract,1079,24.18906394810009,-67300.74,167.47666560518323
06073017308,06073017308,tract,1188,47.97979797979798,-7716.330000000002,106.13494537579982
06073017403,06073017403,tract,1945,32.69922879177378,-47391.61,148.3912632420173
06073017405,06073017405,tract,1317,40.92634776006074,-31552.429999999993,126.6414779113628
06073017406,06073017406,tract,1106,23.236889692585898,-87395.35,178.37774419405164
06073017407,06073017407,tract,1249,20.496397117694155,-95410.48,195.70122464372082
06073017408,06073017408,tract,1143,24.84689413823272,-79562.64,180.01698159070776
06073017501,06073017501,tract,1298,24.345146379044685,-65919.765,175.8640814816892
06073017502,06073017502,tract,1348,33.45697329376854,-31751.23000000001,134.815247686027
06073017601,06073017601,tract,2147,27.992547741034002,-64389.32000000001,170.02508669025562
06073017603,06073017603,tract,1122,23.97504456327986,-61186.020000000004,166.7216748867209
06073017605,06073017605,tract,1332,35.13513513513514,-49673.850000000006,146.41485830020272
06073017606,06073017606,tract,1641,40.036563071297984,-16809.009999999995,121.07874630571156
06073017701,06073017701,tract,2219,33.34835511491663,-35548.28,140.8155503075158
06073017702,06073017702,tract,1417,30.557515878616798,-47256.729999999996,151.77650328134112
06073017801,06073017801,tract,2857,39.236961848092406,-24390.010000000002,128.22048872266203
06073017808,06073017808,tract,2171,27.176416397973284,-61973.72,158.82580652584798
06073017809,06073017809,tract,878,31.776765375854215,-43696.74,146.63290058804043
06073017810,06073017810,tract,2012,39.214711729622266,-19635.269999999997,122.74595534608501
06073017811,06073017811,tract,2672,28.29341317365269,-56661.95,150.78807204983772
06073017813,06073017813,tract,1720,38.02325581395349,-27375.869999999995,127.01202657661929
06073017901,06073017901,tract,1913,49.8170412963931,-1240.070000000007,101.47526909801512
06073017902,06073017902,tract,1300,53.69230769230769,10851.430000000004,88.42500897793042
06073018000,06073018000,tract,1780,32.19101123595506,-23452.574999999997,132.49064197574555
06073018101,06073018101,tract,1356,36.13569321533923,-27862.190000000002,129.67153830085428
06073018102,06073018102,tract,1249,44.99599679743795,-10803.589999999997,113.52038942684707
06073018201,06073018201,tract,1283,53.390491036632895,6487.770000000004,91.35614729886441
06073018202,06073018202,tract,1170,50.427350427350426,490.03999999999724,99.6153949263741
06073018301,06073018301,tract,576,43.57638888888889,-10278.800000000003,114.02424942601752
06073018302,06073018302,tract,654,54.28134556574924,4645.779999999999,93.58629481397696
06073018400,06073018400,tract,1647,51.85185185185185,4219.800000000003,95.33080423421698
06073018504,06073018504,tract,2527,46.77483181638306,-5157.199999999997,107.12639945246055
06073018509,06073018509,tract,1910,65.91623036649214,21578.490000000005,76.12836059571167
06073018510,06073018510,tract,1071,64.05228758169935,27075.28,65.77879006422049
06073018511,06073018511,tract,1891,54.52141723955579,5271.3399999999965,92.7341441895726
06073018512,06073018512,tract,2018,61.79385530227949,16311.735000000004,78.68435599444696
06073018515,06073018515,tract,1898,42.413066385669126,-10986.345000000001,111.61246285548201
06073018516,06073018516,tract,1295,46.87258687258687,-3022.7899999999936,104.0704042268556
06073018517,06073018517,tract,1805,48.365650969529085,-2047.3600000000006,101.60661901139125
06073018518,06073018518,tract,897,54.29208472686734,5373.419999999998,94.81971452320617
06073018519,06073018519,tract,1373,70.42971595047341,35654.17999999999,70.78486474399777
06073018520,06073018520,tract,1579,57.31475617479417,10709.009999999995,90.71458696910449
06073018521,06073018521,tract,1584,50.88383838383839,1543.1900000000023,98.09421989895793
06073018522,06073018522,tract,1927,31.70731707317073,-36032.350000000006,138.51122776907096
06073018523,06073018523,tract,2073,44.862518089725036,-7119.029999999999,108.06351555344837
06073018524,06073018524,tract,1290,56.04651162790698,10606.190000000002,89.44953893178499
06073018525,06073018525,tract,1408,34.94318181818182,-27606.659999999993,127.4567649795248
06073018601,06073018601,tract,1432,50.349162011173185,336.7299999999959,99.70458323671953
06073018608,06073018608,tract,1015,42.26600985221675,-14434.350000000006,115.10446240210099
06073018609,06073018609,tract,1801,66.18545252637423,29214.33,72.70359802935148
06073018612,06073018612,tract,1363,37.270726338958184,-25784.86,122.80271968529941
06073018613,06073018613,tract,1203,55.19534497090607,8160.449999999997,91.44658078617894
06073018615,06073018615,tract,836,70.57416267942584,29632.64,69.61152710557616
06073018616,06073018616,tract,1462,69.22024623803009,29309.820000000007,64.20953804248074
06073018617,06073018617,tract,1000,34.8,-24270.899999999994,122.4930548952413
06073018618,06073018618,tract,985,76.04060913705584,42711.32000000001,64.74145338376235
06073018619,06073018619,tract,1643,30.55386488131467,-41108.850000000006,139.80215187999087
06073018620,06073018620,tract,601,57.237936772046595,15824.01000000001,89.98588300486647
06073018621,06073018621,tract,563,69.27175843694494,26845.83,70.10217983945203
06073018622,06073018622,tract,1876,63.21961620469083,18125.149999999994,79.15406338176389
06073018700,06073018700,tract,7260,80.86776859504133,41536.05499999999,58.932099002788455
06073018801,06073018801,tract,1227,35.77832110839446,-26724.270000000004,133.82420125657436
06073018803,06073018803,tract,1879,42.948376796168176,-16559.019999999997,119.82689905600739
06073018804,06073018804,tract,2113,26.36062470421202,-44653.58,153.5014977428454
06073018805,06073018805,tract,1473,31.975560081466398,-32887.39,139.3955399555543
06073018903,06073018903,tract,1653,53.78100423472474,5529.889999999999,94.14981380873405
06073018904,06073018904,tract,1879,56.89196381053752,10848.949999999997,86.47455537627586
06073018905,06073018905,tract,1805,54.958448753462605,7132.169999999998,91.33053342967334
06073018906,06073018906,tract,1894,52.16473072861668,3626.6600000000035,94.96291367342745
06073019001,06073019001,tract,2230,32.690582959641254,-38484.945,146.06894080472563
06073019002,06073019002,tract,1582,31.41592920353982,-40097.14,139.23027808528775
06073019103,06073019103,tract,2072,38.41698841698842,-20833.240000000005,123.01221971579963
06073019105,06073019105,tract,3101,35.69816188326346,-31587.08,135.29863352314874
06073019107,06073019107,tract,799,39.2991239048811,-24553.600000000006,130.84093618888747
06073019108,06073019108,tract,793,44.640605296343,-8017.479999999996,108.6804256794913
06073019109,06073019109,tract,1523,26.85489166119501,-44494.41,146.7747761713432
06073019110,06073019110,tract,1523,38.60801050558109,-34521.91,133.97709452145995
06073019111,06073019111,tract,1094,32.26691042047532,-49750.72,148.01866646270003
06073019203,06073019203,tract,867,36.21683967704729,-35457.509999999995,133.13233868789425
06073019205,06073019205,tract,2041,68.15286624203821,23411.25,71.48168972126686
06073019206,06073019206,tract,1508,54.57559681697612,6407.600000000006,93.39338140877263
06073019208,06073019208,tract,1163,46.259673258813415,-11154.759999999995,113.95404809953158
06073019209,06073019209,tract,1050,32.666666666666664,-40195.64,142.49361371928643
06073019210,06073019210,tract,1815,60.38567493112947,14422.540000000008,86.51625806482299
06073019301,06073019301,tract,2268,40.69664902998236,-20871.585,121.48858682985471
06073019303,06073019303,tract,2651,43.26669181440966,-14489.300000000003,113.60808727475225
06073019304,06073019304,tract,1137,40.89709762532981,-13753.029999999999,114.98151386874613
06073019305,06073019305,tract,1793,53.151143335192415,3716.9400000000023,95.40115030806055
06073019403,06073019403,tract,2033,45.30250860796852,-7074.800000000003,108.82167608684964
06073019404,06073019404,tract,791,65.99241466498104,29737.229999999996,72.2053413192687
06073019405,06073019405,tract,1401,50.24982155603141,676.1500000000015,98.94216275032991
06073019406,06073019406,tract,1704,43.89671361502347,-8398.579999999998,110.01040506822231
06073019501,06073019501,tract,785,62.1656050955414,19742.39,77.93520624340434
06073019502,06073019502,tract,1535,74.07166123778501,37752.94,58.43462747571263
06073019503,06073019503,tract,1671,60.68222621184919,17139.23999999999,82.44171078826382
06073019601,06073019601,tract,2164,43.715341959334566,-14732.419999999998,117.81396106308868
06073019602,06073019602,tract,1691,48.96510940272029,-2470.329999999987,102.9380193932772
06073019701,06073019701,tract,2806,52.03136136849608,3146.8600000000006,96.96547392854207
06073019702,06073019702,tract,1611,49.72067039106145,-572.070000000007,100.70640812823149
06073019803,06073019803,tract,2302,45.65595134665508,-9812.799999999988,109.80474218476985
06073019804,06073019804,tract,1582,36.662452591656134,-29927.320000000007,125.7439526273314
06073019805,06073019805,tract,1393,58.14788226848528,12909.220000000001,82.44682131094152
06073019808,06073019808,tract,2381,33.93532129357413,-29593.64,135.50257418256697
06073019809,06073019809,tract,1649,36.81018799272287,-27028.92,130.34483208310473
06073019810,06073019810,tract,2307,47.074122236671,-12210.420000000013,109.57587835016938
06073019811,06073019811,tract,2442,34.97133497133497,-34222.715000000004,131.41648868441246
06073019902,06073019902,tract,1281,59.95316159250586,13580.349999999999,85.98396515244454
06073019903,06073019903,tract,1494,46.1847389558233,-6404.679999999993,107.54001051233391
06073019904,06073019904,tract,2444,40.99836333878887,-21146.769999999997,122.47133301590718
06073019905,06073019905,tract,2094,44.269340974212035,-14942.25,114.34142325995941
06073020015,06073020015,tract,2135,19.81264637002342,-79725.56,171.42587012935314
06073020017,06073020017,tract,1069,65.7623947614593,23734.42,74.99760623080606
06073020019,06073020019,tract,2941,52.53315198911934,6128.850000000006,93.07145898736603
06073020021,06073020021,tract,1640,62.98780487804878,26614.589999999997,70.20033205597798
06073020023,06073020023,tract,1267,49.32912391475928,-523.5,100.87541442032853
06073020024,06073020024,tract,1586,44.89281210592686,-10161.440000000002,112.07186758290932
06073020025,06073020025,tract,1850,51.94594594594595,4577.110000000001,94.77842094370435
06073020026,06073020026,tract,1723,35.98374927452118,-25427.679999999993,126.48433237549268
06073020028,06073020028,tract,966,75.56935817805382,37213.55,61.74026004839591
06073020029,06073020029,tract,2563,57.3546625048771,8734.820000000007,89.7890081850505
06073020030,06073020030,tract,2594,37.548188126445645,-38373.020000000004,136.2678142298814
06073020031,06073020031,tract,2250,50.22222222222222,1386.2000000000116,99.2214117935163
06073020032,06073020032,tract,1436,23.25905292479109,-72933.48,172.88530717957008
06073020033,06073020033,tract,1580,41.962025316455694,-12847.039999999994,113.44546369464533
06073020034,06073020034,tract,846,18.085106382978726,-99366.30500000001,174.40227902012722
06073020035,06073020035,tract,2222,26.237623762376238,-80982.17,167.113138765309
06073020036,06073020036,tract,1043,72.77085330776606,32775.33,67.70212137876527
06073020037,06073020037,tract,1364,57.69794721407625,14253.049999999988,87.01944326125871
06073020038,06073020038,tract,1566,33.971902937420175,-30187.820000000007,129.38024153014726
06073020039,06073020039,tract,549,31.693989071038253,-42120.770000000004,143.16874894615367
06073020040,06073020040,tract,1498,28.905206942590123,-69985.19,165.01355687661112
06073020041,06073020041,tract,991,57.921291624621595,11638.200000000012,86.2648667453871
06073020042,06073020042,tract,1774,43.51747463359639,-13507.625000000007,111.95349440887436
06073020043,06073020043,tract,1745,24.813753581661892,-86961.23000000001,165.94577368710762
06073020044,06073020044,tract,3021,31.148626282687854,-61523.850000000006,146.90652222409906
06073020105,06073020105,tract,1481,44.49696151249156,-12057.830000000002,112.53922638030798
06073020106,06073020106,tract,1103,47.41613780598368,-6119.440000000002,105.78786615370177
06073020107,06073020107,tract,1243,49.9597747385358,-592.25,100.37140487584696
06073020108,06073020108,tract,1522,69.38239159001314,27953.045,69.515333688316
06073020109,06073020109,tract,1303,50.95932463545664,1970.5599999999977,98.50125989898385
06073020110,06073020110,tract,2682,44.1461595824012,-15179.470000000001,114.83572018828421
06073020111,06073020111,tract,1327,39.48756593820648,-24808.929999999993,126.69622138900436
06073020202,06073020202,tract,2159,75.77582213987958,37675.75,53.907094339977135
06073020206,06073020206,tract,1290,70.93023255813954,32566.520000000004,66.77792207560752
06073020207,06073020207,tract,1498,68.95861148197598,24267.300000000003,72.38075723302748
06073020208,06073020208,tract,763,53.86631716906947,9931.51999999999,91.19809370708822
06073020209,06073020209,tract,1693,70.17129356172475,28550.670000000013,59.48157758994189
06073020210,06073020210,tract,1694,55.43093270365998,8341.320000000003,89.86690312621874
06073020211,06073020211,tract,2047,63.89838788470933,19617.75,74.41978809780478
06073020213,06073020213,tract,1233,75.26358475263585,37488.67999999999,58.23217098811545
06073020214,06073020214,tract,1857,77.38287560581584,31774.509999999995,53.684081044511224
06073020304,06073020304,tract,2313,26.588845654993516,-52415.0,156.65545693798921
06073020305,06073020305,tract,2346,31.24467178175618,-36001.26,141.86379730153132
06073020308,06073020308,tract,2985,66.56616415410386,23365.5,70.29978018779597
06073020309,06073020309,tract,1505,36.87707641196013,-23519.070000000007,125.10555402776342
06073020310,06073020310,tract,2637,48.80546075085324,-1865.8700000000026,101.79419666591467
06073020311,06073020311,tract,1576,38.13451776649746,-29071.25,127.49576370444066
06073020312,06073020312,tract,1554,48.77734877734878,-2781.5399999999936,102.64283025610048
06073020313,06073020313,tract,1192,59.81543624161074,18412.260000000002,75.93378183149022
06073020401,06073020401,tract,904,38.60619469026549,-28783.64,129.91311254563732
06073020403,06073020403,tract,1285,32.68482490272373,-43567.53,148.06679314230536
06073020404,06073020404,tract,2068,44.825918762088975,-6238.520000000004,106.73727768965455
06073020405,06073020405,tract,1254,27.51196172248804,-60341.21,158.41550281049365
06073020500,06073020500,tract,1326,57.993966817496236,14384.770000000004,83.04299992176908
06073020601,06073020601,tract,1892,67.33615221987314,29242.769999999997,66.15117520928096
06073020602,06073020602,tract,1952,55.942622950819676,6928.059999999998,91.97305076243563
06073020705,06073020705,tract,1336,39.14670658682635,-22629.440000000002,122.11224073354865
06073020706,06073020706,tract,2100,33.04761904761905,-65796.39,159.89872600591738
06073020707,06073020707,tract,1577,54.3436905516804,7898.399999999994,91.93864440056247
06073020708,06073020708,tract,1314,24.581430745814306,-57497.03,161.20821102163254
06073020710,06073020710,tract,607,26.68863261943987,-61323.58,168.55254639017625
06073020711,06073020711,tract,1225,29.38775510204082,-39676.33,144.90780274864943
06073020712,06073020712,tract,1483,32.09710047201618,-46329.05,152.59572862060128
06073020801,06073020801,tract,1799,32.128960533629794,-38696.36,137.6722613312148
06073020805,06073020805,tract,1157,41.745894554883314,-12352.779999999999,111.79662451079888
06073020806,06073020806,tract,2012,51.689860834990064,5098.580000000002,93.59125291710629
06073020807,06073020807,tract,1042,45.39347408829175,-12894.64,112.03766299564914
06073020810,06073020810,tract,1680,33.92857142857143,-26688.410000000003,128.30432442131706
06073020811,06073020811,tract,2027,24.1243216576221,-49455.34,149.03563628396012
06073020812,06073020812,tract,816,65.19607843137256,22759.730000000003,73.73078114498948
06073020813,06073020813,tract,1481,48.548278190411885,-2688.899999999994,102.30881910955993
06073020902,06073020902,tract,954,43.60587002096436,-13477.320000000007,113.9891890824817
06073020903,06073020903,tract,1168,52.910958904109584,5162.685000000005,92.77893556354655
06073020904,06073020904,tract,1257,40.01591089896579,-14437.0,120.670954656176
06073021001,06073021001,tract,1078,44.063079777365495,-8184.070000000007,114.65594230637252
06073021002,06073021002,tract,779,30.937098844672654,-36211.39,160.9310853762002
06073021101,06073021101,tract,1687,59.158269116775344,30923.990000000005,66.29993101382433
06073021102,06073021102,tract,999,69.26926926926927,34010.32000000001,59.7300625255041
06073021202,06073021202,tract,1132,50.61837455830389,954.7799999999988,98.76167210096936
06073021204,06073021204,tract,1925,39.740259740259745,-21069.910000000003,121.22689619144755
06073021205,06073021205,tract,2609,52.817171330011504,5653.559999999998,94.29387513572132
06073021206,06073021206,tract,1147,28.33478639930253,-37581.16,139.55926153274402
06073021302,06073021302,tract,1421,53.41308937368051,4419.75,96.64878449765591
06073021304,06073021304,tract,956,34.30962343096235,-34193.06,126.19923940493703
06073021305,06073021305,tract,1300,33.0,-36994.42000000001,135.15566223256488
06073021306,06073021306,tract,1496,44.38502673796791,-18554.5,111.38644378451752
06073021401,06073021401,tract,1540,38.05194805194805,-25813.190000000002,131.34124569086677
06073021402,06073021402,tract,1243,37.97264682220434,-26097.93,130.1326072319188
06073021501,06073021501,tract,1223,16.59852820932134,-120915.4,196.18283337150487
06073021502,06073021502,tract,3229,38.12325797460514,-38001.11,132.19129497345227
06073021600,06073021600,tract,944,50.63559322033898,1072.9199999999983,98.95541576289213
06073021800,06073021800,tract,790,20.37974683544304,-105222.92,199.10563912760855
06073021900,06073021900,tract,742,71.02425876010781,25836.910000000003,60.61993479222172
06073022000,06073022000,tract,1663,57.1858087793145,10721.86,84.2833751226331
06073022101,06073022101,tract,901,20.532741398446174,-84101.82,184.83090008526727
06073022102,06073022102,tract,2765,37.54068716094033,-34494.01999999999,135.09987045304985
