geoid,households,puma,median_income,median_hlb,median_housing_month,median_childcare_month,vulnerable_rate,kids_share,median_gap,featured
06073009510,1167,07314,58094.0,145914.0,5180.0,803.0,0.874,0.5253,87820.0,True
06073009511,970,07314,76651.0,168390.0,5180.0,803.0,0.8361,0.5948,91739.0,True
06073018700,7260,07301,67657.0,109190.0,2983.0,0.0,0.8087,0.3605,41533.0,True
06073015901,985,07313,49639.0,102028.0,2692.0,0.0,0.803,0.3898,52389.0,True
06073015704,1436,07313,47170.0,103959.0,2869.0,0.0,0.8029,0.367,56789.0,True
06073010112,1491,07322,65579.0,98697.0,2640.0,0.0,0.7894,0.3434,33118.0,True
06073015701,2336,07313,43669.0,68219.0,1830.0,0.0,0.7804,0.2641,24550.0,True
06073020214,1857,07306,40929.0,73957.0,2117.0,0.0,0.7738,0.2256,33028.0,True
06073003304,1129,07327,45343.0,81924.0,2370.0,0.0,0.7679,0.2631,36581.0,True
06073008305,469,07312,43656.0,81781.0,2570.0,0.0,0.7655,0.0768,38125.0,True
06073015706,811,07313,39325.0,71184.0,1992.0,0.0,0.7633,0.2577,31859.0,False
06073012501,1497,07330,44389.0,71457.0,1990.0,0.0,0.7629,0.2278,27068.0,False
06073018618,985,07301,83901.0,120748.0,3880.0,0.0,0.7604,0.4193,36847.0,False
06073012002,1304,07330,45686.0,64819.0,1650.0,0.0,0.76,0.2485,19133.0,False
06073010013,1580,07322,69208.0,99181.0,2656.0,0.0,0.7589,0.3399,29973.0,False
06073020202,2159,07306,55008.0,85050.0,2495.0,0.0,0.7578,0.3247,30042.0,False
06073003305,1659,07327,49747.0,88310.0,2102.0,0.0,0.7559,0.3586,38563.0,False
06073020028,966,07325,62133.0,100375.0,2580.0,0.0,0.7557,0.3841,38242.0,False
06073020213,1233,07306,61101.0,95838.0,2494.0,0.0,0.7526,0.3861,34737.0,False
06073009400,513,07312,87166.0,145520.0,4530.0,0.0,0.7505,0.3743,58354.0,False
06073003111,1846,07327,56213.0,99854.0,2605.0,0.0,0.7481,0.3407,43641.0,False
06073002708,1972,07317,38320.0,68632.0,1925.0,0.0,0.747,0.1968,30312.0,False
06073019502,1535,07323,63545.0,108513.0,2580.0,0.0,0.7407,0.4137,44968.0,False
06073003502,1191,07327,56213.0,88843.0,2100.0,0.0,0.7397,0.3367,32630.0,False
06073011802,2045,07330,58428.0,88292.0,2080.0,0.0,0.7335,0.3663,29864.0,False
06073005103,739,07316,36752.0,61624.0,2295.0,0.0,0.7334,0.2097,24872.0,False
06073010005,2270,07322,32900.0,65693.0,1660.0,0.0,0.7313,0.2291,32793.0,False
06073013206,2147,07330,57276.0,73335.0,2060.0,0.0,0.7289,0.2306,16059.0,False
06073020036,1043,07325,65067.0,100814.0,2580.0,0.0,0.7277,0.3221,35747.0,False
06073016302,1778,07313,50864.0,92928.0,2300.0,0.0,0.7238,0.3684,42064.0,False
06073015801,1448,07313,56702.0,73929.0,2336.0,0.0,0.721,0.2638,17227.0,False
06073015902,1760,07313,47409.0,93321.0,2340.0,0.0,0.7199,0.358,45912.0,False
06073010110,1997,07322,77544.0,101407.0,2640.0,0.0,0.7181,0.3465,23863.0,False
06073015407,1266,07313,49492.0,74802.0,1894.0,0.0,0.718,0.2899,25310.0,False
06073011700,2647,07330,53338.0,69629.0,1895.0,0.0,0.7159,0.2425,16291.0,False
06073013104,1805,07330,65991.0,96697.0,2590.0,0.0,0.7114,0.2958,30706.0,False
06073021900,742,07330,52211.0,66031.0,1650.0,0.0,0.7102,0.2372,13820.0,False
06073020206,1290,07306,70639.0,99733.0,2400.0,0.0,0.7093,0.4178,29094.0,False
06073003602,841,07327,66194.0,106091.0,2830.0,0.0,0.7087,0.4233,39897.0,False
06073013303,1438,07330,73981.0,88009.0,2590.0,0.0,0.7086,0.2851,14028.0,False
06073018615,836,07301,69237.0,106260.0,2923.0,0.0,0.7057,0.3421,37023.0,False
06073018519,1373,07301,89375.0,132735.0,3917.0,0.0,0.7043,0.4552,43360.0,False
06073005202,3521,07316,47659.0,75816.0,2950.0,0.0,0.7041,0.0344,28157.0,False
06073020209,1693,07306,54991.0,71458.0,1900.0,0.0,0.7017,0.2664,16467.0,False
06073003501,1004,07327,67122.0,98774.0,2940.0,0.0,0.7012,0.3406,31652.0,False
06073004900,1598,07316,52473.0,93131.0,2393.0,0.0,0.7009,0.3786,40658.0,False
06073010106,1328,07322,74113.0,96858.0,2502.0,0.0,0.6995,0.3486,22745.0,False
06073011602,1314,07330,62968.0,80935.0,2080.0,0.0,0.6986,0.2679,17967.0,False
06073010010,1583,07322,63961.0,76372.0,2100.0,0.0,0.698,0.2508,12411.0,False
06073020108,1522,07306,69410.0,98916.0,2570.0,0.0,0.6938,0.3417,29506.0,False
06073004000,1184,07316,56418.0,93787.0,2377.0,0.0,0.6934,0.4088,37369.0,False
06073018621,563,07301,74054.0,107854.0,2938.0,0.0,0.6927,0.3659,33800.0,False
06073021102,999,07302,63719.0,80292.0,2032.0,0.0,0.6927,0.2062,16573.0,False
06073012302,774,07330,43351.0,52124.0,1830.0,0.0,0.6925,0.1047,8773.0,False
06073018616,1462,07301,52078.0,80363.0,2400.0,0.0,0.6922,0.1662,28285.0,False
06073016404,904,07313,47730.0,71255.0,1830.0,0.0,0.6914,0.3219,23525.0,False
06073013204,1265,07330,67271.0,99300.0,2590.0,0.0,0.6909,0.2909,32029.0,False
06073002904,2551,07317,53696.0,73687.0,2137.0,0.0,0.6907,0.2238,19991.0,False
06073020207,1498,07306,76730.0,99804.0,2620.0,0.0,0.6896,0.3805,23074.0,False
06073013205,702,07330,60076.0,98113.0,2590.0,0.0,0.6866,0.2934,38037.0,False
06073013307,1260,07330,77442.0,102267.0,2590.0,0.0,0.6865,0.3119,24825.0,False
06073013103,729,07330,81509.0,99241.0,2590.0,0.0,0.6859,0.3032,17732.0,False
06073002707,1616,07317,55724.0,89934.0,2347.0,0.0,0.6832,0.2896,34210.0,False
06073019205,2041,07323,63680.0,74939.0,2050.0,0.0,0.6815,0.2636,11259.0,False
06073003902,1361,07316,41979.0,65518.0,1670.0,0.0,0.6811,0.23,23539.0,False
06073002709,1192,07317,61579.0,89109.0,2170.0,0.0,0.6745,0.3003,27530.0,False
06073020601,1892,07306,67166.0,97038.0,2480.0,0.0,0.6734,0.3372,29872.0,False
06073003404,1134,07327,84696.0,117141.0,3210.0,0.0,0.6728,0.3845,32445.0,False
06073012502,1696,07330,65482.0,71391.0,1990.0,0.0,0.6716,0.2435,5909.0,False
06073002601,1611,07317,68149.0,92368.0,2170.0,0.0,0.671,0.3426,24219.0,False
06073010103,2184,07322,67032.0,74867.0,2098.0,0.0,0.6703,0.2399,7835.0,False
06073014400,1992,07328,52473.0,52429.0,1837.0,0.0,0.6697,0.1757,-44.0,False
06073010009,1439,07322,71068.0,92319.0,2090.0,0.0,0.6692,0.3579,21251.0,False
06073002302,2037,07317,55839.0,79306.0,2304.0,0.0,0.6681,0.2666,23467.0,False
06073010107,1663,07322,83433.0,101506.0,2640.0,0.0,0.6681,0.3163,18073.0,False
06073003004,1484,07327,70254.0,95550.0,2380.0,0.0,0.6678,0.3363,25296.0,False
06073013203,2112,07330,62844.0,86301.0,2590.0,0.0,0.6676,0.2438,23457.0,False
06073012700,1688,07330,76076.0,88398.0,2510.0,0.0,0.6665,0.2541,12322.0,False
06073020308,2985,07325,52058.0,73282.0,2040.0,0.0,0.6657,0.1494,21224.0,False
06073002201,1436,07317,39066.0,50232.0,1735.0,0.0,0.6643,0.1274,11166.0,False
06073009603,3549,07314,61223.0,72081.0,2736.0,0.0,0.6641,0.1138,10858.0,False
06073013102,2093,07330,71618.0,98666.0,2590.0,0.0,0.6641,0.3005,27048.0,False
06073018609,1801,07301,78204.0,107036.0,2880.0,0.0,0.6619,0.3393,28832.0,False
06073002710,1110,07317,65810.0,89433.0,2170.0,0.0,0.6604,0.3387,23623.0,False
06073003201,1531,07327,79431.0,102126.0,2710.0,0.0,0.6604,0.3396,22695.0,False
06073005000,718,07316,54824.0,65165.0,1670.0,0.0,0.6602,0.2744,10341.0,False
06073012200,944,07330,61008.0,90277.0,2080.0,0.0,0.66,0.2966,29269.0,False
06073019404,791,07323,94961.0,141290.0,3490.0,0.0,0.6599,0.4652,46329.0,False
06073015601,2076,07313,69265.0,84030.0,2277.0,0.0,0.6594,0.289,14765.0,False
06073018509,1910,07301,71068.0,89727.0,2739.0,0.0,0.6592,0.3031,18659.0,False
06073013308,1063,07330,104011.0,121551.0,3490.0,0.0,0.6585,0.3424,17540.0,False
06073002202,1601,07317,52475.0,64765.0,1720.0,0.0,0.6583,0.2105,12290.0,False
06073020017,1069,07323,69044.0,79653.0,2282.0,0.0,0.6576,0.2367,10609.0,False
06073002712,1766,07317,54072.0,68253.0,1743.0,0.0,0.6569,0.2435,14181.0,False
06073013000,1872,07330,69369.0,90372.0,2759.0,0.0,0.6554,0.219,21003.0,False
06073003403,998,07327,75923.0,94966.0,2380.0,0.0,0.6543,0.3196,19043.0,False
06073020812,816,07307,63493.0,80286.0,2210.0,0.0,0.652,0.2194,16793.0,False
06073010111,867,07322,79431.0,119644.0,2820.0,0.0,0.6517,0.4521,40213.0,False
06073015705,1280,07313,59757.0,70908.0,1860.0,0.0,0.6492,0.2234,11151.0,False
06073013325,1950,07329,86439.0,114637.0,3950.0,0.0,0.6487,0.2446,28198.0,False
06073002402,1735,07317,55860.0,68956.0,1937.0,0.0,0.6478,0.2248,13096.0,False
06073016502,2480,07313,63568.0,94274.0,2300.0,0.0,0.6472,0.3286,30706.0,False
06073016617,1590,07313,47730.0,76868.0,2160.0,0.0,0.6465,0.1824,29138.0,False
06073003901,1070,07316,65991.0,105323.0,2848.0,0.0,0.6439,0.4393,39332.0,False
06073003303,1414,07327,71594.0,76758.0,2100.0,0.0,0.6421,0.2822,5164.0,False
06073018510,1071,07301,78174.0,76975.0,2100.0,0.0,0.6405,0.2577,-1199.0,False
06073016301,1804,07313,59993.0,69652.0,1844.0,0.0,0.6397,0.2838,9659.0,False
06073003301,1012,07327,69208.0,91881.0,2101.0,0.0,0.6393,0.3251,22673.0,False
06073020211,2047,07306,62968.0,71215.0,1900.0,0.0,0.639,0.2526,8247.0,False
06073010502,2142,07322,70314.0,86431.0,2637.0,0.0,0.6387,0.2409,16117.0,False
06073012402,1918,07330,68783.0,71111.0,1990.0,0.0,0.6376,0.2122,2328.0,False
06073018622,1876,07301,78993.0,80692.0,2400.0,0.0,0.6322,0.2372,1699.0,False
06073003208,1931,07327,99175.0,101666.0,2710.0,0.0,0.6318,0.3097,2491.0,False
06073020021,1640,07325,80398.0,105068.0,2693.0,0.0,0.6299,0.3604,24670.0,False
06073012600,1526,07330,77393.0,97415.0,2528.0,0.0,0.6239,0.2674,20022.0,False
06073010402,1813,07322,70357.0,96043.0,2502.0,0.0,0.6238,0.2675,25686.0,False
06073013306,1143,07330,90053.0,109727.0,2590.0,0.0,0.622,0.3316,19674.0,False
06073019501,785,07323,86763.0,98932.0,2590.0,0.0,0.6217,0.3439,12169.0,False
06073008600,2257,07315,66967.0,75215.0,2130.0,0.0,0.6203,0.2424,8248.0,False
06073003209,1772,07327,82672.0,101036.0,2710.0,0.0,0.6202,0.2664,18364.0,False
06073011601,1666,07330,77965.0,86999.0,2080.0,0.0,0.6188,0.3007,9034.0,False
06073018512,2018,07301,61423.0,79528.0,2299.0,0.0,0.6179,0.1046,18105.0,False
06073008363,1962,07312,75562.0,86845.0,2890.0,0.0,0.6177,0.1692,11283.0,False
06073002602,1406,07317,65004.0,88991.0,2170.0,0.0,0.6166,0.2688,23987.0,False
06073015802,1521,07313,61919.0,69061.0,1860.0,0.0,0.6114,0.2229,7142.0,False
06073003601,748,07327,85217.0,118986.0,2830.0,0.0,0.6096,0.3957,33769.0,False
06073013320,1863,07329,127922.0,158755.0,5500.0,0.0,0.6082,0.3618,30833.0,False
06073013418,2087,07329,95221.0,95867.0,3130.0,0.0,0.6076,0.2333,646.0,False
06073019503,1671,07323,86296.0,80478.0,2588.0,0.0,0.6068,0.2998,-5818.0,False
06073016504,2244,07313,66854.0,69812.0,1830.0,0.0,0.6043,0.2696,2958.0,False
06073019210,1815,07323,87312.0,100920.0,2580.0,0.0,0.6039,0.3339,13608.0,False
06073003212,1042,07327,92995.0,105223.0,2710.0,0.0,0.6017,0.2994,12228.0,False
06073003214,1587,07327,77620.0,77594.0,2451.0,0.0,0.5999,0.2231,-26.0,False
06073019902,1281,07323,83464.0,103401.0,2589.0,0.0,0.5995,0.3193,19937.0,False
06073003603,984,07327,71094.0,77370.0,2100.0,0.0,0.5986,0.2663,6276.0,False
06073020313,1192,07325,61446.0,81866.0,2343.0,0.0,0.5982,0.1208,20420.0,False
06073021101,1687,07302,66585.0,78654.0,1954.0,0.0,0.5916,0.2258,12069.0,False
06073006600,477,07310,105832.0,138665.0,3877.0,0.0,0.5912,0.4465,32833.0,False
06073001600,2348,07317,72892.0,73121.0,2170.0,0.0,0.5894,0.1699,229.0,False
06073008378,391,07312,69208.0,81151.0,2570.0,0.0,0.5882,0.1279,11943.0,False
06073013907,1239,07328,74852.0,69070.0,1790.0,0.0,0.5868,0.2534,-5782.0,False
06073013608,1562,07328,74026.0,79362.0,2290.0,0.0,0.5858,0.178,5336.0,False
06073003115,1741,07327,103454.0,98263.0,2405.0,0.0,0.5836,0.2757,-5191.0,False
06073002711,1039,07317,84319.0,96460.0,2316.0,0.0,0.5833,0.3474,12141.0,False
06073011801,1100,07330,62968.0,65364.0,1650.0,0.0,0.5818,0.2164,2396.0,False
06073019805,1393,07324,80653.0,81540.0,2446.0,0.0,0.5815,0.2211,887.0,False
06073015301,1079,07313,75857.0,95363.0,2340.0,0.0,0.5811,0.3438,19506.0,False
06073020500,1326,07306,84720.0,99369.0,2480.0,0.0,0.5799,0.3167,14649.0,False
06073020041,991,07325,82672.0,101230.0,2580.0,0.0,0.5792,0.3078,18558.0,False
06073016616,1371,07313,69089.0,77227.0,2116.0,0.0,0.5784,0.2144,8138.0,False
06073004800,1254,07316,64843.0,69201.0,1885.0,0.0,0.5781,0.2018,4358.0,False
06073020037,1364,07325,107856.0,115844.0,3200.0,0.0,0.577,0.3233,7988.0,False
06073010004,1095,07322,105472.0,104290.0,2640.0,0.0,0.5744,0.3269,-1182.0,False
06073003003,1554,07327,83532.0,75683.0,1886.0,0.0,0.574,0.2413,-7849.0,False
06073013302,1469,07330,110089.0,104174.0,2590.0,0.0,0.5739,0.2764,-5915.0,False
06073012303,1192,07330,71170.0,72742.0,1990.0,0.0,0.5738,0.2173,1572.0,False
06073020029,2563,07325,78204.0,77011.0,2228.0,0.0,0.5735,0.2107,-1193.0,False
06073013506,1211,07328,109038.0,135384.0,4090.0,0.0,0.5731,0.3476,26346.0,False
06073018520,1579,07301,98650.0,107370.0,2880.0,0.0,0.5731,0.3008,8720.0,False
06073018620,601,07301,107261.0,122610.0,3880.0,0.0,0.5724,0.3877,15349.0,False
06073022000,1663,07330,74302.0,64921.0,1650.0,0.0,0.5719,0.2225,-9381.0,False
06073018904,1879,07302,81875.0,69475.0,1700.0,0.0,0.5689,0.3081,-12400.0,False
06073005601,1946,07316,61384.0,75782.0,2950.0,0.0,0.5683,0.0447,14398.0,False
06073012102,910,07330,73463.0,67976.0,1650.0,0.0,0.5681,0.2462,-5487.0,False
06073013324,910,07329,127677.0,128465.0,3950.0,0.0,0.567,0.2857,788.0,False
06073003112,1187,07327,96861.0,97493.0,2380.0,0.0,0.5653,0.289,632.0,False
06073014300,1253,07328,92934.0,94476.0,2320.0,0.0,0.5642,0.3472,1542.0,False
06073003211,894,07327,94002.0,104582.0,2710.0,0.0,0.5638,0.2763,10580.0,False
06073010401,815,07322,75969.0,71834.0,1980.0,0.0,0.5607,0.2037,-4135.0,False
06073018524,1290,07301,103229.0,79643.0,2290.0,0.0,0.5605,0.2287,-23586.0,False
06073005700,1016,07316,75164.0,75840.0,2950.0,0.0,0.56,0.0512,676.0,False
06073020602,1952,07306,78081.0,72702.0,1965.0,0.0,0.5594,0.2505,-5379.0,False
06073012401,1198,07330,82204.0,71506.0,1990.0,0.0,0.5584,0.2404,-10698.0,False
06073010012,1297,07322,101665.0,105098.0,2820.0,0.0,0.5559,0.34,3433.0,False
06073008800,2008,07315,84048.0,73773.0,2130.0,0.0,0.5553,0.252,-10275.0,False
06073020210,1694,07306,73232.0,72288.0,1900.0,0.0,0.5543,0.2202,-944.0,False
06073010001,1019,07322,105840.0,103327.0,2640.0,0.0,0.5525,0.2846,-2513.0,False
06073018613,1203,07301,84875.0,81481.0,2400.0,0.0,0.552,0.2535,-3394.0,False
06073002804,1610,07317,84138.0,85686.0,2490.0,0.0,0.5516,0.2658,1548.0,False
06073013316,2228,07329,139594.0,158016.0,5500.0,0.0,0.5512,0.3344,18422.0,False
06073012800,1330,07330,79510.0,73402.0,1990.0,0.0,0.5504,0.2338,-6108.0,False
06073018905,1805,07302,95922.0,99964.0,2466.0,0.0,0.5496,0.3241,4042.0,False
06073016804,2925,07307,89207.0,86752.0,2440.0,0.0,0.5491,0.2899,-2455.0,False
06073013906,1712,07328,74852.0,70964.0,1790.0,0.0,0.5473,0.236,-3888.0,False
06073010109,1114,07322,115966.0,104083.0,2640.0,0.0,0.5458,0.3366,-11883.0,False
06073019206,1508,07323,95817.0,101156.0,2580.0,0.0,0.5458,0.3389,5339.0,False
06073018511,1891,07301,74697.0,75354.0,2100.0,0.0,0.5452,0.1877,657.0,False
06073003101,1038,07327,95400.0,106593.0,3210.0,0.0,0.5443,0.3141,11193.0,False
06073020707,1577,07306,99039.0,97713.0,2480.0,0.0,0.5434,0.3012,-1326.0,False
06073018518,897,07301,106926.0,111540.0,3090.0,0.0,0.5429,0.3411,4614.0,False
06073018302,654,07301,63912.0,73768.0,2100.0,0.0,0.5428,0.0688,9856.0,False
06073016809,1881,07307,88300.0,73801.0,1830.0,0.0,0.5407,0.252,-14499.0,False
06073020208,763,07306,108429.0,137108.0,3240.0,0.0,0.5387,0.4194,28679.0,False
06073016403,1640,07313,80663.0,101161.0,2547.0,0.0,0.5384,0.3061,20498.0,False
06073008345,1879,07312,84481.0,90251.0,2890.0,0.0,0.5381,0.1421,5770.0,False
06073002501,1439,07317,72788.0,79954.0,2242.0,0.0,0.5379,0.2794,7166.0,False
06073018903,1653,07302,79970.0,69929.0,1700.0,0.0,0.5378,0.2632,-10041.0,False
06073014002,1202,07328,79386.0,84410.0,2300.0,0.0,0.5374,0.2696,5024.0,False
06073017902,1300,07324,92222.0,82188.0,2480.0,0.0,0.5369,0.1631,-10034.0,False
06073014806,1618,07314,65277.0,74603.0,2189.0,0.0,0.5365,0.1452,9326.0,False
06073008339,770,07312,83958.0,84100.0,2660.0,0.0,0.5351,0.1234,142.0,False
06073013301,1603,07330,95459.0,75997.0,2055.0,0.0,0.5346,0.2109,-19462.0,False
06073021302,1421,07328,116491.0,112685.0,2918.0,0.0,0.5341,0.2752,-3806.0,False
06073018201,1283,07301,75634.0,74291.0,2100.0,0.0,0.5339,0.1824,-1343.0,False
06073019305,1793,07301,81555.0,81798.0,2450.0,0.0,0.5315,0.1428,243.0,False
06073008377,1027,07312,83958.0,87389.0,2890.0,0.0,0.5307,0.0954,3431.0,False
06073006500,1653,07310,68015.0,60336.0,2214.0,0.0,0.5306,0.0641,-7679.0,False
06073016705,1849,07307,78174.0,73227.0,1940.0,0.0,0.5295,0.2158,-4947.0,False
06073020903,1168,07302,65390.0,70479.0,1499.0,0.0,0.5291,0.1207,5089.0,False
06073021205,2609,07302,86057.0,80748.0,2197.0,0.0,0.5282,0.2001,-5309.0,False
06073003103,1731,07327,113302.0,99314.0,2380.0,0.0,0.5274,0.3258,-13988.0,False
06073010300,1518,07322,81912.0,72627.0,1980.0,0.0,0.527,0.1653,-9285.0,False
06073011902,1899,07330,80205.0,67065.0,1650.0,0.0,0.5261,0.2133,-13140.0,False
06073002703,2336,07317,86040.0,74186.0,2045.0,0.0,0.5257,0.2457,-11854.0,False
06073020019,2941,07325,89444.0,85420.0,2532.0,0.0,0.5253,0.1394,-4024.0,False
06073008343,1797,07312,94418.0,87337.0,2890.0,0.0,0.5237,0.1464,-7081.0,False
06073003202,1297,07327,99994.0,104228.0,2741.0,0.0,0.5235,0.2945,4234.0,False
06073002705,1523,07317,80326.0,91606.0,2170.0,0.0,0.5233,0.2823,11280.0,False
06073016806,1302,07307,97811.0,85958.0,2357.0,0.0,0.523,0.3034,-11853.0,False
06073009201,2320,07315,93400.0,85133.0,2750.0,0.0,0.5228,0.2164,-8267.0,False
06073018906,1894,07302,83282.0,94833.0,2140.0,0.0,0.5216,0.2946,11551.0,False
06073016610,1546,07313,97181.0,95961.0,2720.0,0.0,0.5213,0.3144,-1220.0,False
06073019701,2806,07323,87316.0,81316.0,2410.0,0.0,0.5203,0.1746,-6000.0,False
06073020025,1850,07325,88962.0,75757.0,2050.0,0.0,0.5195,0.2503,-13205.0,False
06073018400,1647,07301,73463.0,74272.0,2131.0,0.0,0.5185,0.1135,809.0,False
06073020806,2012,07307,90393.0,79557.0,2210.0,0.0,0.5169,0.1918,-10836.0,False
06073013318,2129,07329,156407.0,164070.0,5330.0,0.0,0.5157,0.3903,7663.0,False
06073013420,989,07329,89487.0,101392.0,2510.0,0.0,0.5157,0.2821,11905.0,False
06073010003,1539,07322,104947.0,91123.0,2640.0,0.0,0.5146,0.2248,-13824.0,False
06073013802,879,07328,97846.0,93380.0,2260.0,0.0,0.5142,0.3129,-4466.0,False
06073013317,5293,07329,136906.0,130794.0,3889.0,0.0,0.5135,0.3342,-6112.0,False
06073008358,1948,07312,103383.0,83708.0,2489.0,0.0,0.5128,0.2136,-19675.0,False
06073008379,1976,07312,75174.0,81867.0,2621.0,0.0,0.5106,0.1037,6693.0,False
06073012003,870,07330,88107.0,91082.0,2080.0,0.0,0.5103,0.2621,2975.0,False
06073016812,1244,07307,73321.0,75823.0,1841.0,0.0,0.5096,0.131,2502.0,False
06073020109,1303,07306,112398.0,99635.0,2433.0,0.0,0.5096,0.3193,-12763.0,False
06073013702,1685,07328,90686.0,95365.0,2260.0,0.0,0.5092,0.3068,4679.0,False
06073003105,1297,07327,106560.0,98238.0,2380.0,0.0,0.5089,0.249,-8322.0,False
06073018521,1584,07301,106529.0,95598.0,2896.0,0.0,0.5088,0.2652,-10931.0,False
06073016202,1330,07313,72618.0,69777.0,1867.0,0.0,0.5075,0.2368,-2841.0,False
06073016706,907,07307,94452.0,79082.0,2440.0,0.0,0.5072,0.2359,-15370.0,False
06073008701,1201,07315,78204.0,73832.0,2130.0,0.0,0.5071,0.2123,-4372.0,False
06073021600,944,07310,115664.0,97567.0,3340.0,0.0,0.5064,0.1801,-18097.0,False
06073021202,1132,07302,97127.0,89564.0,2555.0,0.0,0.5062,0.2226,-7563.0,False
06073009301,1840,07315,104947.0,86749.0,2750.0,0.0,0.5054,0.2065,-18198.0,False
06073010011,1060,07322,105892.0,105451.0,2640.0,0.0,0.5047,0.333,-441.0,False
06073018202,1170,07301,93322.0,73980.0,2100.0,0.0,0.5043,0.2513,-19342.0,False
06073017059,1559,07308,88300.0,90613.0,2800.0,0.0,0.5042,0.1257,2313.0,False
06073018601,1432,07301,116667.0,111284.0,3020.0,0.0,0.5035,0.3066,-5383.0,False
06073019405,1401,07323,86296.0,74408.0,2060.0,0.0,0.5025,0.2091,-11888.0,False
06073020031,2250,07324,111091.0,91915.0,2890.0,0.0,0.5022,0.2307,-19176.0,False
06073013416,1211,07329,128365.0,125608.0,3673.0,0.0,0.5012,0.2948,-2757.0,False
06073020107,1243,07306,115071.0,109401.0,3303.0,0.0,0.4996,0.3564,-5670.0,False
06073003213,1025,07327,119324.0,105705.0,2710.0,0.0,0.4995,0.282,-13619.0,False
06073013319,3228,07329,134063.0,119365.0,4080.0,0.0,0.4991,0.2413,-14698.0,False
06073017901,1913,07324,77086.0,78751.0,2374.0,0.0,0.4982,0.1004,1665.0,False
06073019702,1611,07323,103898.0,80983.0,2240.0,0.0,0.4972,0.2272,-22915.0,False
06073003114,870,07327,112206.0,100741.0,2380.0,0.0,0.4966,0.2885,-11465.0,False
06073005302,1412,07316,84930.0,76220.0,2950.0,0.0,0.4943,0.0524,-8710.0,False
06073003001,1186,07327,97554.0,97223.0,2380.0,0.0,0.4933,0.2664,-331.0,False
06073020023,1267,07325,96551.0,103787.0,2580.0,0.0,0.4933,0.2826,7236.0,False
06073008505,2055,07315,85541.0,79265.0,2260.0,0.0,0.492,0.1995,-6276.0,False
06073014902,1477,07314,74339.0,64463.0,2130.0,0.0,0.4915,0.128,-9876.0,False
06073004101,2235,07316,65067.0,50102.0,1730.0,0.0,0.4913,0.0984,-14965.0,False
06073019602,1691,07323,102848.0,92652.0,2721.0,0.0,0.4897,0.2927,-10196.0,False
06073013321,2143,07329,162440.0,158467.0,5500.0,0.0,0.4895,0.3602,-3973.0,False
06073020310,2637,07325,106915.0,113174.0,3200.0,0.0,0.4881,0.2844,6259.0,False
06073020312,1554,07325,114631.0,88041.0,2590.0,0.0,0.4878,0.2201,-26590.0,False
06073016000,911,07313,90662.0,83911.0,2340.0,0.0,0.4874,0.2382,-6751.0,False
06073005101,1789,07316,88155.0,75937.0,2950.0,0.0,0.4869,0.0755,-12218.0,False
06073014901,1853,07314,83464.0,72430.0,1990.0,0.0,0.4868,0.2747,-11034.0,False
06073020813,1481,07307,120899.0,110146.0,2780.0,0.0,0.4855,0.3525,-10753.0,False
06073008510,2661,07315,84907.0,74703.0,2130.0,0.0,0.4852,0.1345,-10204.0,False
06073003113,1196,07327,119513.0,97974.0,2379.0,0.0,0.4849,0.2968,-21539.0,False
06073012101,697,07330,83853.0,66894.0,1650.0,0.0,0.4849,0.1822,-16959.0,False
06073018517,1805,07301,90254.0,81559.0,2450.0,0.0,0.4837,0.1219,-8695.0,False
06073005102,3519,07316,83789.0,76191.0,2950.0,0.0,0.4825,0.0179,-7598.0,False
06073013315,1209,07329,151542.0,135504.0,4080.0,0.0,0.4822,0.2862,-16038.0,False
06073002702,2020,07317,74628.0,71065.0,1937.0,0.0,0.4812,0.1782,-3563.0,False
06073010017,1821,07322,113358.0,104348.0,2734.0,0.0,0.4811,0.3004,-9010.0,False
06073009102,2065,07315,75765.0,76247.0,2276.0,0.0,0.4804,0.0983,482.0,False
06073003401,2023,07317,82235.0,69305.0,1799.0,0.0,0.48,0.2061,-12930.0,False
06073017308,1188,07326,108476.0,74793.0,2790.0,0.0,0.4798,0.1229,-33683.0,False
06073003108,1001,07327,103505.0,97350.0,2260.0,0.0,0.4785,0.2657,-6155.0,False
06073014001,1522,07328,85615.0,71091.0,1840.0,0.0,0.4777,0.2516,-14524.0,False
06073008507,2463,07315,89207.0,78039.0,2260.0,0.0,0.4771,0.1989,-11168.0,False
06073005900,2102,07316,90314.0,75982.0,2950.0,0.0,0.4762,0.0347,-14332.0,False
06073009308,2185,07315,88593.0,91210.0,3130.0,0.0,0.4755,0.1025,2617.0,False
06073008352,974,07312,118590.0,116182.0,3360.0,0.0,0.4743,0.271,-2408.0,False
06073020106,1103,07306,119540.0,103645.0,2565.0,0.0,0.4742,0.2856,-15895.0,False
06073017014,1584,07308,77020.0,84184.0,2529.0,0.0,0.4722,0.0202,7164.0,False
06073016619,1826,07313,92996.0,77561.0,2160.0,0.0,0.4721,0.167,-15435.0,False
06073019810,2307,07324,121221.0,86839.0,2545.0,0.0,0.4707,0.2666,-34382.0,False
06073012304,1526,07330,97761.0,73360.0,1990.0,0.0,0.4699,0.2163,-24401.0,False
06073002301,1508,07317,78204.0,69913.0,1980.0,0.0,0.4695,0.1399,-8291.0,False
06073018516,1295,07301,113648.0,103803.0,3090.0,0.0,0.4687,0.268,-9845.0,False
06073002903,1596,07317,89434.0,73667.0,1980.0,0.0,0.468,0.2137,-15767.0,False
06073008360,2417,07312,111678.0,86537.0,2670.0,0.0,0.4679,0.211,-25141.0,False
06073018504,2527,07301,96027.0,76037.0,2100.0,0.0,0.4677,0.2299,-19990.0,False
06073009507,1502,07314,111719.0,91859.0,2953.0,0.0,0.4667,0.251,-19860.0,False
06073001801,989,07317,78204.0,72126.0,2130.0,0.0,0.4661,0.092,-6078.0,False
06073011000,1425,07310,106133.0,96790.0,3340.0,0.0,0.466,0.08,-9343.0,False
06073008359,1823,07312,97464.0,84702.0,2670.0,0.0,0.4652,0.1563,-12762.0,False
06073013312,897,07329,116188.0,101176.0,2590.0,0.0,0.4649,0.2965,-15012.0,False
06073013322,1108,07329,166624.0,164670.0,5330.0,0.0,0.4648,0.4025,-1954.0,False
06073013503,1883,07328,110194.0,100554.0,2536.0,0.0,0.4647,0.2735,-9640.0,False
06073016620,881,07313,97601.0,78982.0,2160.0,0.0,0.4631,0.2338,-18619.0,False
06073019208,1163,07323,113972.0,79939.0,2047.0,0.0,0.4626,0.2631,-34033.0,False
06073004102,839,07316,75636.0,67994.0,1890.0,0.0,0.4625,0.1692,-7642.0,False
06073015002,1206,07314,74070.0,75055.0,2211.0,0.0,0.4619,0.204,985.0,False
06073019903,1494,07323,111719.0,77618.0,2050.0,0.0,0.4618,0.2624,-34101.0,False
06073008901,2571,07315,88300.0,80369.0,2501.0,0.0,0.4613,0.1373,-7931.0,False
06073013323,2080,07329,164017.0,131819.0,3950.0,0.0,0.4611,0.3197,-32198.0,False
06073003107,1530,07327,113592.0,98455.0,2353.0,0.0,0.4608,0.2915,-15137.0,False
06073009802,2445,07314,100547.0,79664.0,2308.0,0.0,0.4605,0.2622,-20883.0,False
06073002902,2659,07317,80438.0,73536.0,2066.0,0.0,0.4592,0.132,-6902.0,False
06073003204,1099,07330,114870.0,75580.0,2017.0,0.0,0.4577,0.2302,-39290.0,False
06073019803,2302,07324,112693.0,88739.0,2830.0,0.0,0.4566,0.1685,-23954.0,False
06073014500,1441,07314,90254.0,72915.0,1991.0,0.0,0.4559,0.2887,-17339.0,False
06073013505,1959,07328,114077.0,81732.0,2400.0,0.0,0.4558,0.1894,-32345.0,False
06073013909,1501,07328,104346.0,97004.0,2260.0,0.0,0.4544,0.2845,-7342.0,False
06073020807,1042,07307,117322.0,83935.0,2210.0,0.0,0.4539,0.2111,-33387.0,False
06073019403,2033,07323,106601.0,79730.0,2235.0,0.0,0.453,0.214,-26871.0,False
06073018102,1249,07301,85007.0,54799.0,1930.0,0.0,0.45,0.1001,-30208.0,False
06073020024,1586,07325,98682.0,76844.0,2050.0,0.0,0.4489,0.191,-21838.0,False
06073018523,2073,07301,105910.0,79684.0,2290.0,0.0,0.4486,0.2026,-26226.0,False
06073020404,2068,07306,106198.0,86225.0,2590.0,0.0,0.4483,0.191,-19973.0,False
06073017050,993,07308,116938.0,78724.0,2190.0,0.0,0.4481,0.2518,-38214.0,False
06073014601,2300,07314,81779.0,73972.0,2138.0,0.0,0.4478,0.1661,-7807.0,False
06073019108,793,07302,110967.0,82237.0,2154.0,0.0,0.4464,0.2446,-28730.0,False
06073014102,1065,07328,110194.0,97669.0,2379.0,0.0,0.446,0.3005,-12525.0,False
06073011100,1581,07310,122891.0,97510.0,3340.0,0.0,0.4453,0.1448,-25381.0,False
06073020105,1481,07306,109708.0,75604.0,2040.0,0.0,0.445,0.1972,-34104.0,False
06073008351,1414,07311,135084.0,117202.0,3360.0,0.0,0.4448,0.3069,-17882.0,False
06073021306,1496,07329,163686.0,137000.0,3992.0,0.0,0.4439,0.2747,-26686.0,False
06073019905,2094,07323,115706.0,83026.0,2410.0,0.0,0.4427,0.2015,-32680.0,False
06073008357,1552,07312,110104.0,103114.0,3360.0,0.0,0.442,0.2378,-6990.0,False
06073020110,2682,07306,125936.0,103354.0,2438.0,0.0,0.4415,0.2878,-22582.0,False
06073012900,1124,07330,116622.0,100006.0,2537.0,0.0,0.4413,0.2367,-16616.0,False
06073021001,1078,07302,64905.0,66444.0,1300.0,0.0,0.4406,0.0482,1539.0,False
06073008307,1665,07312,118590.0,87925.0,2707.0,0.0,0.4402,0.1904,-30665.0,False
06073002401,1689,07317,82114.0,71717.0,2048.0,0.0,0.4399,0.1628,-10397.0,False
06073002905,1859,07317,91372.0,73099.0,2067.0,0.0,0.4395,0.1689,-18273.0,False
06073019406,1704,07323,98640.0,75675.0,2060.0,0.0,0.439,0.1954,-22965.0,False
06073002801,515,07317,126578.0,84942.0,2490.0,0.0,0.4388,0.2544,-41636.0,False
06073010015,1429,07322,123251.0,103516.0,2585.0,0.0,0.4381,0.2491,-19735.0,False
06073002502,2393,07317,92794.0,67535.0,1720.0,0.0,0.4379,0.2361,-25259.0,False
06073019601,2164,07323,115752.0,75895.0,2050.0,0.0,0.4372,0.2454,-39857.0,False
06073020902,954,07302,116882.0,88962.0,2481.0,0.0,0.4361,0.1677,-27920.0,False
06073013607,952,07328,81916.0,75930.0,2086.0,0.0,0.4359,0.1239,-5986.0,False
06073018301,576,07301,70734.0,55002.0,1930.0,0.0,0.4358,0.0295,-15732.0,False
06073020042,1774,07325,117972.0,85426.0,2540.0,0.0,0.4352,0.212,-32546.0,False
06073015408,1391,07313,143506.0,104581.0,2739.0,0.0,0.4349,0.2919,-38925.0,False
06073008502,2561,07315,102848.0,79180.0,2256.0,0.0,0.4338,0.1902,-23668.0,False
06073003207,2282,07329,106133.0,82741.0,2440.0,0.0,0.4334,0.1876,-23392.0,False
06073013409,1973,07329,107537.0,87622.0,2510.0,0.0,0.4334,0.2478,-19915.0,False
06073019303,2651,07323,116699.0,80737.0,2212.0,0.0,0.4327,0.2414,-35962.0,False
06073008367,1234,07311,134034.0,97805.0,3340.0,0.0,0.4319,0.2318,-36229.0,False
06073017048,2181,07308,96956.0,77884.0,2190.0,0.0,0.4305,0.2912,-19072.0,False
06073018803,1879,07302,108585.0,81860.0,2230.0,0.0,0.4295,0.1469,-26725.0,False
06073014804,1945,07314,95941.0,77097.0,2190.0,0.0,0.4293,0.1949,-18844.0,False
06073004700,713,07316,73463.0,68125.0,1889.0,0.0,0.4292,0.1388,-5338.0,False
06073008330,1921,07311,162440.0,98267.0,3260.0,0.0,0.4289,0.2514,-64173.0,False
06073009604,1543,07314,95230.0,80956.0,2423.0,0.0,0.4258,0.1769,-14274.0,False
06073018515,1898,07301,109315.0,83199.0,2450.0,0.0,0.4241,0.205,-26116.0,False
06073016614,1389,07313,118590.0,105877.0,2785.0,0.0,0.424,0.2657,-12713.0,False
06073016609,2017,07313,118590.0,78782.0,2160.0,0.0,0.4234,0.2548,-39808.0,False
06073013908,1107,07328,102619.0,94372.0,2260.0,0.0,0.4228,0.3089,-8247.0,False
06073018608,1015,07301,127360.0,84040.0,2342.0,0.0,0.4227,0.2502,-43320.0,False
06073010018,2165,07322,125891.0,102828.0,2640.0,0.0,0.4226,0.273,-23063.0,False
06073016813,1139,07307,112818.0,76088.0,1900.0,0.0,0.4223,0.2256,-36730.0,False
06073008380,2937,07312,98824.0,83326.0,2575.0,0.0,0.4215,0.1059,-15498.0,False
06073015501,1865,07307,114551.0,78197.0,2348.0,0.0,0.4204,0.244,-36354.0,False
06073008702,1667,07315,120159.0,86026.0,2750.0,0.0,0.4199,0.2052,-34133.0,False
06073001201,1346,07316,69046.0,53971.0,1968.0,0.0,0.4198,0.029,-15075.0,False
06073020033,1580,07324,116256.0,91184.0,2920.0,0.0,0.4196,0.1823,-25072.0,False
06073013417,669,07329,159088.0,119778.0,4030.0,0.0,0.4185,0.275,-39310.0,False
06073003109,887,07327,122891.0,100172.0,2377.0,0.0,0.4183,0.2886,-22719.0,False
06073013801,1806,07328,95154.0,72070.0,1882.0,0.0,0.4181,0.1966,-23084.0,False
06073020805,1157,07307,115738.0,80927.0,2210.0,0.0,0.4175,0.2999,-34811.0,False
06073008364,2301,07312,103268.0,87907.0,2890.0,0.0,0.4163,0.093,-15361.0,False
06073009107,2436,07315,100232.0,77392.0,2373.0,0.0,0.4163,0.1145,-22840.0,False
06073013422,1317,07329,155290.0,86143.0,2469.0,0.0,0.4161,0.2544,-69147.0,False
06073006801,1569,07310,98442.0,78770.0,2401.0,0.0,0.4124,0.1268,-19672.0,False
06073010019,1053,07322,121525.0,103136.0,2640.0,0.0,0.4122,0.2953,-18389.0,False
06073001700,2510,07317,89493.0,72828.0,2138.0,0.0,0.4116,0.0853,-16665.0,False
06073019904,2444,07323,111678.0,82356.0,2410.0,0.0,0.41,0.1653,-29322.0,False
06073017035,1257,07326,113418.0,78521.0,2300.0,0.0,0.4097,0.1965,-34897.0,False
06073017405,1317,07326,151124.0,89167.0,2815.0,0.0,0.4093,0.2658,-61957.0,False
06073005602,1300,07316,107712.0,76785.0,2939.0,0.0,0.4092,0.0277,-30927.0,False
06073017303,1369,07326,129900.0,94631.0,3050.0,0.0,0.4091,0.1724,-35269.0,False
06073019304,1137,07301,118784.0,84008.0,2450.0,0.0,0.409,0.2058,-34776.0,False
06073014803,2146,07314,83527.0,74990.0,2190.0,0.0,0.4082,0.1659,-8537.0,False
06073007800,2743,07310,110662.0,82267.0,2600.0,0.0,0.4076,0.1378,-28395.0,False
06073009805,1862,07314,101525.0,81445.0,2330.0,0.0,0.4076,0.1971,-20080.0,False
06073019301,2268,07301,131257.0,93768.0,3090.0,0.0,0.407,0.2319,-37489.0,False
06073016503,951,07313,109952.0,71042.0,1830.0,0.0,0.4059,0.2503,-38910.0,False
06073013424,1859,07329,171827.0,141527.0,4781.0,0.0,0.4051,0.3432,-30300.0,False
06073016811,1681,07307,122202.0,88247.0,2409.0,0.0,0.4051,0.2457,-33955.0,False
06073016401,1687,07313,109952.0,72016.0,1830.0,0.0,0.4031,0.2762,-37936.0,False
06073000301,1303,07316,90989.0,77720.0,2420.0,0.0,0.4029,0.0883,-13269.0,False
06073007702,1830,07310,123584.0,82222.0,2600.0,0.0,0.4022,0.071,-41362.0,False
06073000902,1538,07316,90254.0,66692.0,2319.0,0.0,0.4012,0.0241,-23562.0,False
06073015302,1416,07313,109982.0,73852.0,1894.0,0.0,0.4011,0.2542,-36130.0,False
06073017606,1641,07326,101425.0,81670.0,2459.0,0.0,0.4004,0.1353,-19755.0,False
06073020904,1257,07302,79947.0,71596.0,1577.0,0.0,0.4002,0.1193,-8351.0,False
06073017009,1521,07308,96051.0,79558.0,2190.0,0.0,0.3997,0.2216,-16493.0,False
06073013604,2023,07328,109820.0,80580.0,2290.0,0.0,0.3994,0.1869,-29240.0,False
06073016100,2107,07313,113972.0,74921.0,1861.0,0.0,0.3977,0.2539,-39051.0,False
06073021204,1925,07302,128512.0,82801.0,2164.0,0.0,0.3974,0.2499,-45711.0,False
06073007501,2072,07310,96990.0,78723.0,2390.0,0.0,0.3958,0.0999,-18267.0,False
06073020111,1327,07306,127406.0,78920.0,2040.0,0.0,0.3949,0.214,-48486.0,False
06073009108,935,07315,93949.0,80313.0,2410.0,0.0,0.3947,0.1198,-13636.0,False
06073014200,1999,07328,122348.0,97843.0,2321.0,0.0,0.3947,0.2861,-24505.0,False
06073005201,2073,07316,97419.0,76008.0,2950.0,0.0,0.3932,0.0405,-21411.0,False
06073019107,799,07302,113099.0,75651.0,1813.0,0.0,0.393,0.2165,-37448.0,False
06073017801,2857,07324,113505.0,83297.0,2480.0,0.0,0.3924,0.1596,-30208.0,False
06073008349,1104,07311,149812.0,88905.0,2670.0,0.0,0.3922,0.2491,-60907.0,False
06073017049,931,07308,118536.0,106258.0,2760.0,0.0,0.3921,0.2879,-12278.0,False
06073017810,2012,07324,113586.0,84208.0,2480.0,0.0,0.3921,0.1859,-29378.0,False
06073015001,1585,07314,109982.0,76801.0,2190.0,0.0,0.3918,0.253,-33181.0,False
06073020705,1336,07306,133658.0,101406.0,2416.0,0.0,0.3915,0.2964,-32252.0,False
06073016703,1150,07307,112989.0,91199.0,2629.0,0.0,0.3904,0.2226,-21790.0,False
06073005301,2217,07316,83958.0,64474.0,2457.0,0.0,0.3888,0.0176,-19484.0,False
06073007910,1625,07310,107616.0,82263.0,2600.0,0.0,0.3871,0.0911,-25353.0,False
06073008355,971,07312,152752.0,118773.0,3360.0,0.0,0.3862,0.3131,-33979.0,False
06073019110,1523,07302,140312.0,78749.0,1946.0,0.0,0.3861,0.241,-61563.0,False
06073020401,904,07306,132666.0,88861.0,2590.0,0.0,0.3861,0.1493,-43805.0,False
06073007908,1657,07310,95073.0,81906.0,2600.0,0.0,0.3856,0.0845,-13167.0,False
06073017060,1330,07308,134120.0,92332.0,2798.0,0.0,0.385,0.185,-41788.0,False
06073014805,2251,07314,104002.0,75554.0,2190.0,0.0,0.3847,0.1857,-28448.0,False
06073009204,1378,07315,158556.0,85311.0,2633.0,0.0,0.3846,0.2409,-73245.0,False
06073008347,2000,07311,146436.0,104882.0,3360.0,0.0,0.3845,0.265,-41554.0,False
06073013401,1368,07330,138712.0,101344.0,2510.0,0.0,0.3845,0.2734,-37368.0,False
06073019103,2072,07302,117550.0,89778.0,2367.0,0.0,0.3842,0.2486,-27772.0,False
06073008375,2192,07312,124673.0,87961.0,2890.0,0.0,0.3841,0.0575,-36712.0,False
06073016902,754,07307,124814.0,80634.0,2194.0,0.0,0.3833,0.2599,-44180.0,False
06073010104,1119,07322,111223.0,76649.0,2100.0,0.0,0.3825,0.1912,-34574.0,False
06073016901,2381,07307,129085.0,104590.0,2440.0,0.0,0.3822,0.2579,-24495.0,False
06073008356,1367,07312,133200.0,115512.0,3360.0,0.0,0.3819,0.2392,-17688.0,False
06073020311,1576,07325,131376.0,88352.0,2563.0,0.0,0.3813,0.1961,-43024.0,False
06073021502,3229,07311,177360.0,133818.0,4110.0,0.0,0.3812,0.2886,-43542.0,False
06073021401,1540,07310,120834.0,82161.0,2479.0,0.0,0.3805,0.1766,-38673.0,False
06073013412,1809,07329,119800.0,89280.0,2622.0,0.0,0.3803,0.2609,-30520.0,False
06073017813,1720,07324,138532.0,93237.0,2981.0,0.0,0.3802,0.2,-45295.0,False
06073021402,1243,07310,115442.0,80569.0,2478.0,0.0,0.3797,0.1883,-34873.0,False
06073006802,2598,07310,109982.0,78842.0,2419.0,0.0,0.3791,0.1189,-31140.0,False
06073007401,1438,07310,101525.0,78407.0,2391.0,0.0,0.379,0.1175,-23118.0,False
06073002803,2576,07317,89205.0,70747.0,1980.0,0.0,0.3781,0.0947,-18458.0,False
06073015100,1762,07314,109315.0,77236.0,2190.0,0.0,0.3774,0.2775,-32079.0,False
06073007502,1681,07310,97761.0,78152.0,2345.0,0.0,0.3772,0.0684,-19609.0,False
06073008503,3120,07315,111244.0,78018.0,2260.0,0.0,0.376,0.183,-33226.0,False
06073013309,1891,07329,143987.0,102545.0,2584.0,0.0,0.3755,0.3421,-41442.0,False
06073020030,2594,07324,170562.0,92993.0,2920.0,0.0,0.3755,0.2772,-77569.0,False
06073022102,2765,07324,154173.0,94383.0,3050.0,0.0,0.3754,0.1895,-59790.0,False
06073016704,2437,07307,121711.0,75918.0,2028.0,0.0,0.3751,0.2372,-45793.0,False
06073000800,2967,07316,90989.0,74219.0,2223.0,0.0,0.3748,0.0701,-16770.0,False
06073018612,1363,07301,146769.0,111471.0,2881.0,0.0,0.3727,0.3478,-35298.0,False
06073008361,1558,07312,113350.0,61366.0,2253.0,0.0,0.371,0.0732,-51984.0,False
06073017022,2249,07308,134733.0,97060.0,3150.0,0.0,0.3699,0.2134,-37673.0,False
06073014101,1260,07328,107750.0,96877.0,2320.0,0.0,0.369,0.2381,-10873.0,False
06073020309,1505,07325,117925.0,75163.0,2041.0,0.0,0.3688,0.2684,-42762.0,False
06073008509,2759,07315,109485.0,75623.0,2130.0,0.0,0.3686,0.1595,-33862.0,False
06073016613,719,07313,122665.0,77973.0,2160.0,0.0,0.3686,0.2114,-44692.0,False
06073019809,1649,07324,128273.0,84690.0,2462.0,0.0,0.3681,0.1928,-43583.0,False
06073007304,2063,07310,106315.0,78717.0,2390.0,0.0,0.3679,0.0703,-27598.0,False
06073014602,1902,07314,125590.0,73826.0,1990.0,0.0,0.3675,0.2766,-51764.0,False
06073017063,1625,07326,138058.0,87331.0,2700.0,0.0,0.3674,0.2098,-50727.0,False
06073009505,2811,07314,125936.0,94392.0,3035.0,0.0,0.3668,0.1608,-31544.0,False
06073009509,2519,07314,144166.0,89137.0,2933.0,0.0,0.3668,0.2072,-55029.0,False
06073015405,1732,07313,140548.0,108338.0,2880.0,0.0,0.3666,0.2939,-32210.0,False
06073019804,1582,07324,151124.0,91964.0,2830.0,0.0,0.3666,0.2415,-59160.0,False
06073007601,975,07310,112278.0,64886.0,2390.0,0.0,0.3662,0.079,-47392.0,False
06073015602,822,07313,158976.0,110973.0,2880.0,0.0,0.3662,0.2932,-48003.0,False
06073016618,1618,07313,107989.0,77278.0,2160.0,0.0,0.3659,0.1489,-30711.0,False
06073016807,2617,07307,130712.0,75347.0,1896.0,0.0,0.3657,0.2423,-55365.0,False
06073013327,1713,07329,133388.0,104663.0,2864.0,0.0,0.3643,0.3071,-28725.0,False
06073017113,1806,07326,126134.0,87170.0,2643.0,0.0,0.3643,0.2386,-38964.0,False
06073008101,1760,07310,120689.0,82826.0,2570.0,0.0,0.3642,0.1085,-37863.0,False
06073019203,867,07323,140029.0,103475.0,2580.0,0.0,0.3622,0.2734,-36554.0,False
06073018101,1356,07301,125083.0,76285.0,2100.0,0.0,0.3614,0.1851,-48798.0,False
06073007100,2104,07310,146642.0,81887.0,2396.0,0.0,0.3598,0.0984,-64755.0,False
06073008902,2154,07315,109632.0,88057.0,2899.0,0.0,0.3598,0.0706,-21575.0,False
06073020026,1723,07325,128801.0,86291.0,2540.0,0.0,0.3598,0.2014,-42510.0,False
06073000700,2625,07316,103215.0,59914.0,2220.0,0.0,0.3592,0.0549,-43301.0,False
06073008350,2217,07311,145352.0,103869.0,3360.0,0.0,0.3586,0.258,-41483.0,False
06073008376,2845,07312,116938.0,88123.0,2890.0,0.0,0.3585,0.1142,-28815.0,False
06073007402,1706,07310,123858.0,79874.0,2390.0,0.0,0.3581,0.1594,-43984.0,False
06073018801,1227,07302,113708.0,73481.0,1700.0,0.0,0.3578,0.1826,-40227.0,False
06073019105,3101,07302,120936.0,77865.0,1927.0,0.0,0.357,0.1696,-43071.0,False
06073008504,2300,07315,130917.0,79510.0,2260.0,0.0,0.3561,0.1796,-51407.0,False
06073008501,2168,07315,143266.0,79220.0,2260.0,0.0,0.3556,0.2311,-64046.0,False
06073010201,1146,07322,94182.0,73391.0,1980.0,0.0,0.3551,0.1239,-20791.0,False
06073015502,992,07307,149292.0,96930.0,2769.0,0.0,0.3548,0.2268,-52362.0,False
06073001802,1918,07317,85132.0,72727.0,2166.0,0.0,0.3545,0.0589,-12405.0,False
06073017058,1832,07308,136703.0,88543.0,2800.0,0.0,0.3543,0.1539,-48160.0,False
06073017018,1934,07326,111815.0,79019.0,2300.0,0.0,0.3542,0.1727,-32796.0,False
06073013423,1014,07329,192780.0,133584.0,3874.0,0.0,0.354,0.3008,-59196.0,False
06073013425,507,07329,186969.0,143485.0,4250.0,0.0,0.3531,0.3215,-43484.0,False
06073000302,1816,07316,90989.0,59685.0,2220.0,0.0,0.3524,0.0132,-31304.0,False
06073013903,1161,07328,111719.0,71190.0,1790.0,0.0,0.3523,0.2162,-40529.0,False
06073005801,1304,07316,115750.0,75948.0,2950.0,0.0,0.352,0.0291,-39802.0,False
06073009703,1240,07314,149155.0,86922.0,2520.0,0.0,0.3516,0.2863,-62233.0,False
06073017605,1332,07326,172720.0,102122.0,3330.0,0.0,0.3514,0.259,-70598.0,False
06073017104,1407,07326,131982.0,87861.0,2640.0,0.0,0.3511,0.2537,-44121.0,False
06073017039,2635,07308,132387.0,89666.0,2800.0,0.0,0.3507,0.2008,-42721.0,False
06073002100,2593,07317,83047.0,70274.0,2013.0,0.0,0.3506,0.0899,-12773.0,False
06073019811,2442,07324,149238.0,90112.0,2795.0,0.0,0.3497,0.1966,-59126.0,False
06073014702,1588,07314,125936.0,77186.0,2181.0,0.0,0.3495,0.2361,-48750.0,False
06073018525,1408,07301,136364.0,82357.0,2290.0,0.0,0.3494,0.1911,-54007.0,False
06073006100,1032,07316,119324.0,79060.0,2438.0,0.0,0.3488,0.1153,-40264.0,False
06073018617,1000,07301,139202.0,111515.0,2880.0,0.0,0.348,0.29,-27687.0,False
06073009506,1588,07314,157636.0,94476.0,3050.0,0.0,0.347,0.238,-63160.0,False
06073010800,966,07310,139445.0,98146.0,3340.0,0.0,0.3468,0.1708,-41299.0,False
06073016607,2459,07313,131257.0,78904.0,2129.0,0.0,0.3461,0.2184,-52353.0,False
06073016606,1410,07313,119324.0,78503.0,2160.0,0.0,0.3454,0.2021,-40821.0,False
06073006000,2678,07316,121830.0,79031.0,2475.0,0.0,0.3439,0.065,-42799.0,False
06073001100,1746,07316,92876.0,63738.0,2130.0,0.0,0.3431,0.0653,-29138.0,False
06073021304,956,07328,168394.0,117661.0,2980.0,0.0,0.3431,0.2762,-50733.0,False
06073010202,1358,07322,107586.0,72798.0,1980.0,0.0,0.3424,0.1826,-34788.0,False
06073013701,850,07328,131257.0,73625.0,1889.0,0.0,0.3424,0.2412,-57632.0,False
06073009203,2493,07315,133643.0,91635.0,3091.0,0.0,0.3406,0.0822,-42008.0,False
06073009804,1926,07314,140784.0,81656.0,2330.0,0.0,0.3401,0.2715,-59128.0,False
06073020038,1566,07325,153251.0,105618.0,2580.0,0.0,0.3397,0.3289,-47633.0,False
06073019808,2381,07324,110714.0,83801.0,2450.0,0.0,0.3394,0.0613,-26913.0,False
06073020810,1680,07307,129336.0,83595.0,2210.0,0.0,0.3393,0.2452,-45741.0,False
06073004600,1092,07316,85007.0,49347.0,1730.0,0.0,0.3388,0.0751,-35660.0,False
06073017047,1479,07308,177184.0,119016.0,3970.0,0.0,0.3387,0.2583,-58168.0,False
06073014701,1453,07314,115738.0,76403.0,2190.0,0.0,0.3386,0.1858,-39335.0,False
06073016201,1893,07313,130659.0,73608.0,1860.0,0.0,0.3386,0.2625,-57051.0,False
06073007303,918,07310,105195.0,60372.0,2190.0,0.0,0.3377,0.0719,-44823.0,False
06073008202,658,07310,120561.0,82593.0,2570.0,0.0,0.3374,0.0653,-37968.0,False
06073016810,885,07307,137769.0,90073.0,2440.0,0.0,0.3367,0.287,-47696.0,False
06073009705,1401,07314,143861.0,83356.0,2520.0,0.0,0.3355,0.2712,-60505.0,False
06073013411,1653,07329,155196.0,94190.0,3104.0,0.0,0.3351,0.2347,-61006.0,False
06073017502,1348,07326,127414.0,85630.0,2640.0,0.0,0.3346,0.1751,-41784.0,False
06073008312,1678,07310,126142.0,84957.0,2570.0,0.0,0.3337,0.1466,-41185.0,False
06073013421,1298,07329,150494.0,101048.0,2510.0,0.0,0.3336,0.3351,-49446.0,False
06073017701,2219,07326,122788.0,84096.0,2559.0,0.0,0.3335,0.1627,-38692.0,False
06073010900,618,07310,167484.0,98900.0,3340.0,0.0,0.3333,0.2152,-68584.0,False
06073009602,1656,07314,131982.0,83829.0,2520.0,0.0,0.3321,0.2186,-48153.0,False
06073020706,2100,07306,165345.0,76292.0,1943.0,0.0,0.3305,0.1833,-89053.0,False
06073001202,1775,07316,100547.0,72511.0,2144.0,0.0,0.3301,0.0355,-28036.0,False
06073021305,1300,07328,139614.0,84826.0,2344.0,0.0,0.33,0.2015,-54788.0,False
06073013905,1217,07328,133322.0,105145.0,3050.0,0.0,0.3287,0.3385,-28177.0,False
06073004501,1540,07316,75636.0,67459.0,1890.0,0.0,0.3286,0.0617,-8177.0,False
06073009502,1553,07314,144382.0,87793.0,2769.0,0.0,0.3284,0.2054,-56589.0,False
06073005403,1547,07316,122891.0,77086.0,2950.0,0.0,0.3277,0.0323,-45805.0,False
06073001302,2164,07316,81859.0,54627.0,1990.0,0.0,0.3272,0.0291,-27232.0,False
06073017403,1945,07326,154955.0,87433.0,2640.0,0.0,0.327,0.1779,-67522.0,False
06073019001,2230,07302,129952.0,73675.0,1700.0,0.0,0.3269,0.1991,-56277.0,False
06073020403,1285,07306,132998.0,75972.0,1970.0,0.0,0.3268,0.193,-57026.0,False
06073019209,1050,07323,137380.0,79694.0,2056.0,0.0,0.3267,0.2086,-57686.0,False
06073008327,2411,07311,192288.0,98713.0,3260.0,0.0,0.3264,0.192,-93575.0,False
06073008353,1526,07312,156030.0,104580.0,3345.0,0.0,0.3257,0.2248,-51450.0,False
06073001500,2028,07316,102716.0,73982.0,2170.0,0.0,0.3254,0.0819,-28734.0,False
06073008506,1591,07315,119443.0,78875.0,2260.0,0.0,0.325,0.1697,-40568.0,False
06073019111,1094,07302,145235.0,75229.0,1810.0,0.0,0.3227,0.245,-70006.0,False
06073016608,809,07313,139554.0,105263.0,2632.0,0.0,0.3226,0.2781,-34291.0,False
06073017070,1600,07326,200449.0,136653.0,4580.0,0.0,0.3225,0.3944,-63796.0,False
06073007701,2007,07310,119010.0,82853.0,2600.0,0.0,0.3224,0.1001,-36157.0,False
06073018000,1780,07324,101525.0,80685.0,2480.0,0.0,0.3219,0.0809,-20840.0,False
06073017056,1767,07308,107392.0,81122.0,2440.0,0.0,0.3214,0.1726,-26270.0,False
06073020801,1799,07307,145352.0,83015.0,2203.0,0.0,0.3213,0.194,-62337.0,False
06073007907,1663,07310,104947.0,82100.0,2600.0,0.0,0.3211,0.0728,-22847.0,False
06073020712,1483,07306,138215.0,76019.0,1900.0,0.0,0.321,0.1875,-62196.0,False
06073017052,2121,07308,131184.0,88760.0,2800.0,0.0,0.3201,0.1994,-42424.0,False
06073009704,2819,07314,121830.0,84036.0,2512.0,0.0,0.32,0.2206,-37794.0,False
06073018805,1473,07302,118131.0,72902.0,1700.0,0.0,0.3198,0.1935,-45229.0,False
06073000901,2062,07316,100547.0,72385.0,2170.0,0.0,0.3196,0.0519,-28162.0,False
06073017071,1800,07326,173165.0,87256.0,2700.0,0.0,0.3178,0.2539,-85909.0,False
06073017809,878,07324,145542.0,100229.0,3130.0,0.0,0.3178,0.254,-45313.0,False
06073005402,2688,07316,155322.0,93330.0,3210.0,0.0,0.3177,0.0424,-61992.0,False
06073016615,1244,07313,135930.0,77615.0,2160.0,0.0,0.3175,0.1986,-58315.0,False
06073018522,1927,07301,145181.0,81294.0,2338.0,0.0,0.3171,0.2174,-63887.0,False
06073020039,549,07325,158470.0,110633.0,2580.0,0.0,0.3169,0.3679,-47837.0,False
06073017305,1359,07326,169249.0,95431.0,3055.0,0.0,0.3157,0.1295,-73818.0,False
06073008370,1605,07311,149235.0,96898.0,3260.0,0.0,0.3146,0.1763,-52337.0,False
06073017006,1030,07308,158862.0,83797.0,2374.0,0.0,0.3146,0.2427,-75065.0,False
06073019002,1582,07302,141558.0,100807.0,2140.0,0.0,0.3142,0.275,-40751.0,False
06073008201,949,07310,140766.0,78690.0,2344.0,0.0,0.314,0.0875,-62076.0,False
06073017037,1827,07326,127720.0,80666.0,2300.0,0.0,0.3136,0.2266,-47054.0,False
06073009103,1566,07315,143189.0,80858.0,2390.0,0.0,0.3129,0.1794,-62331.0,False
06073009305,2351,07315,134122.0,90356.0,2976.0,0.0,0.3126,0.1829,-43766.0,False
06073008348,1715,07311,162440.0,104748.0,3360.0,0.0,0.3125,0.2519,-57692.0,False
06073020305,2346,07325,125052.0,76449.0,2040.0,0.0,0.3124,0.2251,-48603.0,False
06073020044,3021,07325,203050.0,116370.0,3200.0,0.0,0.3115,0.284,-86680.0,False
06073001000,2724,07316,90584.0,73029.0,2176.0,0.0,0.3106,0.0576,-17555.0,False
06073001900,1556,07317,128257.0,75179.0,2130.0,0.0,0.3098,0.0784,-53078.0,False
06073021002,779,07302,100232.0,63778.0,1110.0,0.0,0.3094,0.0745,-36454.0,False
06073017057,1516,07308,167915.0,90598.0,2800.0,0.0,0.3074,0.2131,-77317.0,False
06073008512,1567,07315,134063.0,77313.0,2134.0,0.0,0.307,0.2176,-56750.0,False
06073000201,1180,07316,122898.0,60698.0,2220.0,0.0,0.3068,0.1127,-62200.0,False
06073017031,1291,07326,158641.0,87195.0,2700.0,0.0,0.306,0.2308,-71446.0,False
06073017702,1417,07326,150866.0,84945.0,2640.0,0.0,0.3056,0.1447,-65921.0,False
06073018619,1643,07301,155121.0,93908.0,2660.0,0.0,0.3055,0.2441,-61213.0,False
06073007302,986,07310,182745.0,81935.0,2390.0,0.0,0.3053,0.2099,-100810.0,False
06073013605,2332,07328,141944.0,77795.0,2071.0,0.0,0.304,0.1878,-64149.0,False
06073017069,801,07326,167516.0,87461.0,2700.0,0.0,0.3034,0.206,-80055.0,False
06073001400,1873,07316,98983.0,73638.0,2170.0,0.0,0.3033,0.0828,-25345.0,False
06073008362,1581,07312,126484.0,82531.0,2570.0,0.0,0.303,0.1354,-43953.0,False
06073007911,1380,07310,132216.0,82987.0,2600.0,0.0,0.3014,0.0855,-49229.0,False
06073009000,1389,07315,118131.0,74428.0,2130.0,0.0,0.2988,0.2088,-43703.0,False
06073009306,2202,07315,153726.0,86222.0,2750.0,0.0,0.2979,0.2134,-67504.0,False
06073009706,2572,07314,156599.0,82913.0,2454.0,0.0,0.297,0.2753,-73686.0,False
06073008369,2121,07311,157567.0,96754.0,3260.0,0.0,0.2966,0.133,-60813.0,False
06073017067,867,07308,221204.0,120378.0,3362.0,0.0,0.2953,0.3426,-100826.0,False
06073020711,1225,07306,156418.0,77629.0,1900.0,0.0,0.2939,0.2106,-78789.0,False
06073013601,1996,07328,120279.0,72507.0,1868.0,0.0,0.2936,0.1743,-47772.0,False
06073017041,1905,07308,132128.0,96968.0,2784.0,0.0,0.2929,0.2961,-35160.0,False
06073017043,2140,07308,175674.0,96565.0,3150.0,0.0,0.2907,0.2178,-79109.0,False
06073010501,549,07322,115966.0,73589.0,1980.0,0.0,0.2896,0.1311,-42377.0,False
06073020040,1498,07325,179284.0,104968.0,2580.0,0.0,0.2891,0.2844,-74316.0,False
06073017051,2180,07308,131756.0,89604.0,2799.0,0.0,0.2867,0.1541,-42152.0,False
06073017068,1791,07308,157364.0,95501.0,2935.0,0.0,0.2853,0.2328,-61863.0,False
06073017109,2092,07324,195740.0,111738.0,3680.0,0.0,0.2835,0.2629,-84002.0,False
06073008372,1352,07311,229230.0,120553.0,4110.0,0.0,0.2833,0.2803,-108677.0,False
06073021206,1147,07302,133762.0,82929.0,2160.0,0.0,0.2833,0.1726,-50833.0,False
06073009801,2126,07314,132008.0,80100.0,2330.0,0.0,0.2832,0.2126,-51908.0,False
06073007905,1424,07310,111719.0,78747.0,2394.0,0.0,0.283,0.0808,-32972.0,False
06073017811,2672,07324,167412.0,93620.0,3050.0,0.0,0.2829,0.1744,-73792.0,False
06073008310,2459,07310,178410.0,86271.0,2574.0,0.0,0.2822,0.1932,-92139.0,False
06073008373,1281,07311,195943.0,98277.0,3260.0,0.0,0.2818,0.2006,-97666.0,False
06073017601,2147,07326,169249.0,88346.0,2717.0,0.0,0.2799,0.1532,-80903.0,False
06073017108,1636,07326,170471.0,87337.0,2640.0,0.0,0.2781,0.2158,-83134.0,False
06073013414,2488,07329,137338.0,100360.0,2510.0,0.0,0.2769,0.2621,-36978.0,False
06073017033,1913,07326,168696.0,83309.0,2373.0,0.0,0.2755,0.2556,-85387.0,False
06073020405,1254,07306,172718.0,88733.0,2590.0,0.0,0.2751,0.1419,-83985.0,False
06073007602,1051,07310,143308.0,64478.0,2390.0,0.0,0.275,0.0733,-78830.0,False
06073017202,753,07310,182083.0,101302.0,3370.0,0.0,0.2749,0.1554,-80781.0,False
06073000600,2047,07316,104571.0,58221.0,2146.0,0.0,0.2745,0.0259,-46350.0,False
06073008344,1189,07312,194725.0,92216.0,2890.0,0.0,0.2742,0.2111,-102509.0,False
06073010601,925,07310,203050.0,100758.0,3329.0,0.0,0.2735,0.133,-102292.0,False
06073008371,1683,07311,211204.0,96090.0,3260.0,0.0,0.2733,0.2133,-115114.0,False
06073017040,1493,07308,155441.0,80211.0,2190.0,0.0,0.2733,0.2559,-75230.0,False
06073017034,2094,07326,137695.0,96723.0,2996.0,0.0,0.2732,0.2225,-40972.0,False
06073009504,2355,07314,215075.0,98820.0,3145.0,0.0,0.2726,0.2573,-116255.0,False
06073017808,2171,07324,169679.0,92852.0,2881.0,0.0,0.2718,0.1561,-76827.0,False
06073013504,1307,07328,137059.0,95678.0,2260.0,0.0,0.2716,0.2349,-41381.0,False
06073007912,923,07310,122561.0,82317.0,2600.0,0.0,0.2709,0.0628,-40244.0,False
06073015406,861,07313,173020.0,98126.0,2880.0,0.0,0.2695,0.259,-74894.0,False
06073017061,1467,07326,192112.0,97141.0,3051.0,0.0,0.2693,0.2168,-94971.0,False
06073006900,2202,07310,144979.0,82067.0,2462.0,0.0,0.2688,0.2371,-62912.0,False
06073000202,2238,07316,117659.0,60319.0,2219.0,0.0,0.2685,0.0545,-57340.0,False
06073008346,1605,07311,179984.0,86115.0,2543.0,0.0,0.2685,0.2305,-93869.0,False
06073019109,1523,07302,142203.0,75604.0,1794.0,0.0,0.2685,0.2324,-66599.0,False
06073017106,1467,07326,214931.0,95082.0,2928.0,0.0,0.2672,0.2488,-119849.0,False
06073008328,2581,07311,256624.0,138500.0,4110.0,0.0,0.267,0.3309,-118124.0,False
06073020710,607,07306,157524.0,77892.0,1969.0,0.0,0.2669,0.1219,-79632.0,False
06073020304,2313,07325,145420.0,78126.0,2042.0,0.0,0.2659,0.2157,-67294.0,False
06073017065,3319,07326,205054.0,120805.0,3400.0,0.0,0.2657,0.3251,-84249.0,False
06073017046,1372,07308,185016.0,118047.0,3970.0,0.0,0.2638,0.2507,-66969.0,False
06073018804,2113,07302,131494.0,78745.0,1957.0,0.0,0.2636,0.1145,-52749.0,False
06073004400,1782,07316,134182.0,71104.0,1985.0,0.0,0.2632,0.1431,-63078.0,False
06073008306,1088,07312,205080.0,92605.0,2890.0,0.0,0.2629,0.1737,-112475.0,False
06073020035,2222,07324,202851.0,110958.0,3680.0,0.0,0.2624,0.2583,-91893.0,False
06073009101,2337,07315,141998.0,78416.0,2260.0,0.0,0.2619,0.1305,-63582.0,False
06073017066,1819,07326,202851.0,106929.0,3400.0,0.0,0.2611,0.2644,-95922.0,False
06073009104,1127,07315,138644.0,82173.0,2410.0,0.0,0.2609,0.2369,-56471.0,False
06073015403,829,07313,163110.0,98381.0,2344.0,0.0,0.2606,0.2702,-64729.0,False
06073016621,1414,07313,163110.0,80632.0,2160.0,0.0,0.2595,0.2256,-82478.0,False
06073001301,1592,07316,100547.0,72890.0,2170.0,0.0,0.2582,0.0923,-27657.0,False
06073008381,1021,07312,201633.0,114347.0,3360.0,0.0,0.2556,0.2997,-87286.0,False
06073017054,1959,07308,167579.0,79811.0,2190.0,0.0,0.2552,0.2435,-87768.0,False
06073008313,808,07310,212734.0,86076.0,2570.0,0.0,0.2525,0.2178,-126658.0,False
06073008002,1028,07310,198026.0,85744.0,2600.0,0.0,0.25,0.2179,-112282.0,False
06073017408,1143,07326,177360.0,89108.0,2820.0,0.0,0.2485,0.1514,-88252.0,False
06073020043,1745,07325,217853.0,119431.0,3200.0,0.0,0.2481,0.3186,-98422.0,False
06073009307,2711,07315,121114.0,86543.0,2892.0,0.0,0.2468,0.0657,-34571.0,False
06073020708,1314,07306,160490.0,78008.0,1970.0,0.0,0.2458,0.2215,-82482.0,False
06073017501,1298,07326,160208.0,84642.0,2640.0,0.0,0.2435,0.1194,-75566.0,False
06073004300,1948,07316,119800.0,74570.0,2170.0,0.0,0.2428,0.1278,-45230.0,False
06073008337,1522,07311,174282.0,110646.0,2900.0,0.0,0.2424,0.3009,-63636.0,False
06073017307,1079,07326,168125.0,93688.0,3050.0,0.0,0.2419,0.0918,-74437.0,False
06073000100,1180,07316,208126.0,81960.0,2419.0,0.0,0.2415,0.1915,-126166.0,False
06073000500,1604,07316,114226.0,73181.0,2130.0,0.0,0.2413,0.0848,-41045.0,False
06073020811,2027,07307,158740.0,82745.0,2210.0,0.0,0.2412,0.2343,-75995.0,False
06073007002,1251,07310,193102.0,83163.0,2428.0,0.0,0.2398,0.1783,-109939.0,False
06073017603,1122,07326,167579.0,86895.0,2640.0,0.0,0.2398,0.2121,-80684.0,False
06073008303,1340,07310,213202.0,86107.0,2570.0,0.0,0.2396,0.1373,-127095.0,False
06073008006,1872,07310,144620.0,82886.0,2588.0,0.0,0.2393,0.1095,-61734.0,False
06073008513,1163,07315,135644.0,76121.0,2130.0,0.0,0.239,0.1866,-59523.0,False
06073008511,2680,07315,131018.0,83002.0,2573.0,0.0,0.2381,0.1142,-48016.0,False
06073002001,1545,07317,168836.0,77733.0,2220.0,0.0,0.2337,0.0945,-91103.0,False
06073000400,2588,07316,102815.0,68931.0,2420.0,0.0,0.2334,0.0614,-33884.0,False
06073004200,2347,07316,155322.0,75109.0,2101.0,0.0,0.2331,0.2109,-80213.0,False
06073020032,1436,07324,177192.0,93705.0,2920.0,0.0,0.2326,0.1309,-83487.0,False
06073017406,1106,07326,188241.0,88678.0,2726.0,0.0,0.2324,0.1908,-99563.0,False
06073017064,2243,07326,242565.0,138271.0,4580.0,0.0,0.2305,0.4066,-104294.0,False
06073017044,1927,07308,210187.0,117670.0,3970.0,0.0,0.2299,0.3051,-92517.0,False
06073008365,930,07311,216408.0,82854.0,2300.0,0.0,0.2269,0.2269,-133554.0,False
06073005802,1904,07316,145235.0,76350.0,2950.0,0.0,0.2253,0.032,-68885.0,False
06073017306,1121,07326,214931.0,100017.0,3289.0,0.0,0.2248,0.1508,-114914.0,False
06073013326,1136,07329,201311.0,145723.0,4363.0,0.0,0.2245,0.3996,-55588.0,False
06073008301,1347,07310,203329.0,86192.0,2588.0,0.0,0.2197,0.1581,-117137.0,False
06073007200,1587,07310,178410.0,83009.0,2410.0,0.0,0.218,0.1802,-95401.0,False
06073017010,967,07308,215977.0,110168.0,2755.0,0.0,0.2161,0.3144,-105809.0,False
06073008102,1391,07310,203328.0,84948.0,2570.0,0.0,0.2142,0.1833,-118380.0,False
06073017055,1913,07308,183963.0,89865.0,2800.0,0.0,0.2133,0.2159,-94098.0,False
06073008324,2939,07311,192898.0,101390.0,3369.0,0.0,0.2127,0.1756,-91508.0,False
06073017045,794,07308,212324.0,115674.0,3800.0,0.0,0.2103,0.2645,-96650.0,False
06073008368,1849,07311,214407.0,111596.0,2900.0,0.0,0.2093,0.324,-102811.0,False
06073008331,947,07311,250251.0,120957.0,4110.0,0.0,0.2091,0.3094,-129294.0,False
06073002002,1158,07317,183531.0,72685.0,1980.0,0.0,0.2073,0.1364,-110846.0,False
06073013415,525,07329,151164.0,88174.0,2510.0,0.0,0.2057,0.221,-62990.0,False
06073022101,901,07324,189954.0,84005.0,2480.0,0.0,0.2053,0.2186,-105949.0,False
06073017407,1249,07326,193610.0,89542.0,2819.0,0.0,0.205,0.1697,-104068.0,False
06073021800,790,07310,207099.0,87367.0,2688.0,0.0,0.2038,0.1532,-119732.0,False
06073017201,1102,07310,201633.0,99541.0,3370.0,0.0,0.2033,0.0771,-102092.0,False
06073008336,752,07311,194855.0,82106.0,2300.0,0.0,0.2008,0.2141,-112749.0,False
06073017021,1105,07308,193913.0,82349.0,2195.0,0.0,0.2,0.1991,-111564.0,False
06073017107,1059,07326,212187.0,117774.0,3339.0,0.0,0.1983,0.3116,-94413.0,False
06073020015,2135,07324,196256.0,92442.0,2920.0,0.0,0.1981,0.1967,-103814.0,False
06073017111,1664,07326,192630.0,92958.0,2784.0,0.0,0.1977,0.1869,-99672.0,False
06073017053,1162,07308,206850.0,81112.0,2190.0,0.0,0.1945,0.2375,-125738.0,False
06073005401,1227,07316,178751.0,77236.0,2950.0,0.0,0.194,0.0236,-101515.0,False
06073015200,1384,07314,172026.0,75754.0,1990.0,0.0,0.1922,0.2421,-96272.0,False
06073008374,1223,07311,268126.0,138965.0,4110.0,0.0,0.1848,0.3663,-129161.0,False
06073020034,846,07324,225636.0,111587.0,3680.0,0.0,0.1809,0.2825,-114049.0,False
06073017020,1538,07308,213351.0,80953.0,2177.0,0.0,0.1801,0.2451,-132398.0,False
06073008366,2413,07311,204670.0,83318.0,2300.0,0.0,0.177,0.2545,-121352.0,False
06073017036,1101,07326,163951.0,93715.0,2857.0,0.0,0.1726,0.2879,-70236.0,False
06073021501,1223,07311,262734.0,138602.0,4110.0,0.0,0.166,0.3262,-124132.0,False
06073017062,1497,07326,234611.0,128721.0,3639.0,0.0,0.165,0.322,-105890.0,False
06073008003,1887,07310,172383.0,83159.0,2600.0,0.0,0.1622,0.0774,-89224.0,False
06073017112,691,07326,235728.0,123407.0,3281.0,0.0,0.1577,0.3401,-112321.0,False
06073008311,1088,07310,236553.0,86799.0,2570.0,0.0,0.1397,0.1673,-149754.0,False
